ch0,ch1,ch2,ch3,ch4,ch5,ch6,ch7,d
4118,4093,4101,4100,4096,4089,4112,4096,0000000000111111
4118,4094,4098,4097,4096,4079,4112,4096,0000000000111111
4117,4093,4101,4089,4096,4088,4114,4096,0000000000111111
4116,4093,4106,4086,4096,4082,4112,4096,0000000000111111
4118,4093,4099,4089,4096,4086,4118,4096,0000000000111111
4119,4093,4100,4082,4095,4083,4115,4096,0000000000111111
4119,4093,4109,4099,4096,4080,4110,4096,0000000000111111
4119,4093,4095,4098,4096,4090,4116,4096,0000000000111111
4117,4091,4105,4104,4096,4081,4118,4096,0000000000111111
4117,4092,4093,4106,4096,4086,4114,4096,0000000000111111
4118,4093,4095,4109,4096,4091,4108,4096,0000000000111111
4119,4093,4101,4108,4095,4091,4108,4096,0000000000111111
4119,4093,4101,4103,4096,4089,4113,4096,0000000000111111
4118,4094,4098,4106,4096,4083,4115,4096,0000000000111111
4117,4094,4095,4100,4096,4086,4111,4096,0000000000111111
4117,4093,4098,4099,4096,4089,4112,4096,0000000000111111
4118,4093,4101,4099,4096,4092,4118,4096,0000000000111111
4118,4093,4100,4105,4096,4086,4114,4096,0000000000111111
4118,4093,4102,4106,4096,4086,4115,4096,0000000000111111
4119,4093,4106,4106,4096,4091,4111,4096,0000000000111111
4119,4093,4102,4107,4096,4090,4119,4096,0000000000111111
4119,4093,4103,4113,4096,4086,4120,4096,0000000000111111
4119,4093,4104,4104,4095,4078,4115,4096,0000000000111111
4119,4093,4102,4103,4096,4086,4115,4096,0000000000111111
4120,4093,4102,4110,4096,4083,4118,4096,0000000000111111
4120,4092,4099,4106,4096,4085,4121,4096,0000000000111111
4119,4091,4099,4106,4096,4082,4118,4096,0000000000111111
4120,4090,4099,4102,4096,4078,4107,4096,0000000000111111
4121,4091,4099,4096,4096,4088,4119,4096,0000000000111111
4121,4092,4104,4106,4096,4081,4115,4096,0000000000111111
4119,4091,4093,4102,4096,4089,4112,4096,0000000000111111
4119,4091,4099,4111,4096,4084,4117,4096,0000000000111111
4119,4092,4102,4103,4096,4088,4115,4096,0000000000111111
4119,4092,4102,4111,4096,4086,4113,4096,0000000000111111
4119,4092,4099,4106,4096,4086,4118,4096,0000000000111111
4119,4092,4099,4101,4095,4084,4112,4096,0000000000111111
4119,4093,4106,4102,4095,4080,4103,4096,0000000000111111
4119,4093,4098,4102,4096,4080,4107,4096,0000000000111111
4119,4093,4097,4107,4096,4080,4107,4096,0000000000111111
4118,4092,4099,4104,4096,4077,4113,4096,0000000000111111
4118,4091,4095,4104,4096,4088,4112,4096,0000000000111111
4119,4093,4106,4098,4096,4079,4115,4096,0000000000111111
4119,4093,4099,4097,4096,4086,4112,4096,0000000000111111
4118,4093,4097,4091,4096,4083,4113,4096,0000000000111111
4118,4092,4098,4104,4096,4082,4111,4096,0000000000111111
4119,4093,4102,4100,4096,4083,4109,4096,0000000000111111
4119,4093,4101,4097,4096,4071,4102,4096,0000000000111111
4118,4093,4103,4096,4096,4081,4112,4096,0000000000111111
4117,4093,4096,4107,4096,4080,4109,4096,0000000000111111
4117,4092,4097,4104,4096,4084,4115,4096,0000000000111111
4118,4093,4098,4102,4096,4080,4103,4096,0000000000111111
4118,4093,4099,4108,4096,4081,4120,4096,0000000000111111
4117,4093,4099,4108,4096,4084,4113,4096,0000000000111111
4117,4093,4100,4099,4096,4080,4113,4096,0000000000111111
4117,4093,4101,4106,4096,4086,4112,4096,0000000000111111
4117,4093,4100,4102,4095,4086,4106,4096,0000000000111111
4117,4093,4103,4096,4096,4081,4111,4096,0000000000111111
4117,4092,4099,4106,4096,4090,4111,4096,0000000000111111
4117,4093,4102,4098,4096,4097,4098,4096,0000000000111111
4117,4093,4103,4105,4095,4090,4123,4096,0000000000111111
4117,4094,4099,4109,4096,4088,4115,4096,0000000000111111
4117,4093,4102,4106,4096,4088,4108,4096,0000000000111111
4117,4093,4104,4106,4096,4089,4116,4096,0000000000111111
4117,4093,4099,4106,4096,4085,4119,4096,0000000000111111
4117,4093,4104,4107,4096,4085,4106,4096,0000000000111111
4117,4093,4107,4103,4096,4090,4116,4096,0000000000111111
4116,4095,4097,4105,4096,4093,4118,4096,0000000000111111
4116,4093,4098,4108,4096,4085,4111,4096,0000000000111111
4117,4093,4086,4105,4096,4093,4106,4096,0000000000111111
4117,4093,4098,4099,4096,4093,4100,4096,0000000000111111
4117,4093,4100,4103,4096,4091,4102,4096,0000000000111111
4117,4093,4099,4101,4096,4087,4103,4096,0000000000111111
4117,4093,4101,4101,4095,4086,4097,4096,0000000000111111
4118,4093,4103,4104,4095,4086,4107,4096,0000000000111111
4118,4093,4099,4090,4096,4097,4093,4096,0000000000111111
4118,4093,4103,4096,4096,4094,4106,4096,0000000000111111
4119,4093,4105,4097,4096,4094,4103,4096,0000000000111111
4119,4093,4099,4093,4096,4089,4111,4096,0000000000111111
4120,4093,4104,4099,4096,4094,4105,4096,0000000000111111
4122,4092,4101,4099,4096,4092,4099,4096,0000000000111111
4124,4091,4098,4095,4096,4085,4109,4096,0000000000111111
4126,4092,4096,4092,4096,4086,4104,4096,0000000000111111
4131,4092,4095,4104,4096,4092,4104,4096,0000000000111111
4133,4093,4094,4098,4096,4089,4107,4096,0000000000111111
4137,4094,4097,4103,4096,4086,4093,4096,0000000000111111
4142,4098,4085,4109,4096,4087,4098,4096,0000000000111111
4149,4099,4100,4111,4096,4092,4100,4096,0000000000111111
4156,4099,4104,4105,4096,4095,4099,4096,0000000000111111
4163,4099,4106,4097,4096,4098,4089,4096,0000000000111111
4171,4099,4098,4094,4096,4092,4104,4096,0000000000111111
4180,4098,4104,4106,4096,4096,4099,4096,0000000000111111
4192,4098,4104,4107,4096,4092,4104,4096,0000000000111111
4202,4098,4099,4095,4096,4086,4099,4096,0000000000111111
4213,4097,4094,4100,4096,4090,4100,4096,0000000000111111
4225,4099,4094,4094,4096,4089,4100,4096,0000000000111111
4238,4098,4093,4094,4096,4084,4092,4096,0000000000111111
4249,4099,4091,4093,4096,4087,4099,4096,0000000000111111
4262,4099,4087,4106,4096,4091,4095,4096,0000000000111111
4272,4099,4097,4105,4096,4086,4096,4096,0000000000111111
4287,4098,4095,4108,4096,4075,4101,4096,0000000000111111
4304,4099,4096,4102,4096,4081,4102,4096,0000000000111111
4322,4100,4097,4112,4096,4086,4096,4096,0000000000111111
4338,4099,4093,4103,4096,4087,4106,4096,0000000000111111
4353,4096,4096,4109,4096,4089,4097,4096,0000000000111111
4369,4095,4101,4107,4096,4089,4092,4096,0000000000111111
4386,4093,4099,4113,4096,4090,4100,4096,0000000000111111
4403,4093,4095,4106,4096,4094,4101,4096,0000000000111111
4422,4091,4088,4103,4096,4093,4101,4096,0000000000111111
4436,4089,4104,4104,4096,4092,4099,4096,0000000000111111
4451,4087,4094,4099,4096,4094,4093,4096,0000000000111111
4469,4086,4102,4097,4096,4093,4100,4096,0000000000111111
4486,4086,4101,4102,4096,4089,4102,4096,0000000000111111
4503,4083,4099,4099,4096,4089,4099,4096,0000000000111111
4522,4080,4103,4099,4096,4081,4097,4096,0000000000111111
4541,4078,4102,4105,4096,4088,4099,4096,0000000000111111
4560,4076,4106,4103,4096,4088,4098,4096,0000000000111111
4580,4075,4106,4108,4096,4088,4090,4096,0000000000111111
4598,4073,4105,4098,4096,4084,4099,4096,0000000000111111
4617,4071,4106,4103,4096,4093,4086,4096,0000000000111111
4637,4068,4105,4101,4096,4087,4099,4096,0000000000111111
4658,4066,4104,4099,4096,4088,4096,4096,0000000000111111
4678,4066,4104,4104,4096,4087,4106,4096,0000000000111111
4695,4064,4099,4098,4096,4087,4106,4096,0000000000111111
4713,4060,4102,4099,4096,4090,4100,4096,0000000000111111
4733,4058,4103,4104,4096,4080,4088,4096,0000000000111111
4752,4058,4102,4111,4096,4089,4104,4096,0000000000111111
4768,4058,4103,4103,4096,4089,4101,4096,0000000000111111
4785,4058,4099,4101,4096,4085,4094,4096,0000000000111111
4804,4059,4104,4101,4096,4090,4100,4096,0000000000111111
4821,4060,4106,4104,4096,4089,4102,4096,0000000000111111
4843,4060,4108,4106,4096,4093,4105,4096,0000000000111111
4863,4062,4106,4100,4096,4086,4104,4096,0000000000111111
4883,4063,4102,4100,4096,4085,4103,4096,0000000000111111
4903,4062,4089,4105,4096,4088,4101,4096,0000000000111111
4921,4066,4103,4105,4096,4087,4105,4096,0000000000111111
4939,4068,4100,4108,4096,4095,4099,4096,0000000000111111
4961,4070,4096,4106,4096,4094,4101,4096,0000000000111111
4982,4070,4092,4103,4096,4088,4103,4096,0000000000111111
5002,4073,4104,4100,4096,4084,4106,4096,0000000000111111
5022,4076,4103,4099,4096,4094,4105,4096,0000000000111111
5042,4080,4103,4105,4096,4092,4109,4096,0000000000111111
5062,4082,4101,4106,4096,4089,4093,4096,0000000000111111
5082,4080,4101,4100,4096,4087,4100,4096,0000000000111111
5103,4085,4108,4108,4096,4089,4103,4096,0000000000111111
5128,4090,4099,4112,4096,4085,4106,4096,0000000000111111
5149,4096,4104,4105,4096,4092,4102,4096,0000000000111111
5167,4099,4102,4102,4096,4095,4108,4096,0000000000111111
5188,4100,4098,4107,4096,4094,4109,4096,0000000000111111
5208,4106,4108,4112,4096,4081,4106,4096,0000000000111111
5226,4112,4102,4106,4096,4086,4105,4096,0000000000111111
5246,4120,4099,4107,4096,4080,4103,4096,0000000000111111
5262,4127,4100,4101,4096,4084,4100,4096,0000000000111111
5279,4132,4093,4106,4096,4080,4107,4096,0000000000111111
5298,4137,4106,4096,4096,4080,4097,4096,0000000000111111
5315,4144,4107,4107,4096,4090,4104,4096,0000000000111111
5327,4151,4103,4105,4096,4079,4106,4096,0000000000111111
5344,4158,4107,4106,4096,4087,4094,4096,0000000000111111
5359,4161,4103,4107,4096,4073,4106,4096,0000000000111111
5372,4167,4102,4106,4096,4077,4106,4096,0000000000111111
5386,4175,4102,4106,4096,4085,4101,4096,0000000000111111
5399,4183,4101,4106,4096,4089,4098,4096,0000000000111111
5412,4187,4103,4096,4096,4086,4105,4096,0000000000111111
5428,4190,4100,4099,4096,4086,4104,4096,0000000000111111
5444,4194,4097,4104,4096,4075,4094,4096,0000000000111111
5464,4204,4091,4101,4096,4085,4100,4096,0000000000111111
5488,4216,4099,4106,4096,4080,4096,4096,0000000000111111
5511,4225,4105,4107,4096,4085,4095,4096,0000000000111111
5527,4230,4092,4111,4096,4082,4101,4096,0000000000111111
5545,4238,4095,4108,4096,4081,4106,4096,0000000000111111
5565,4250,4101,4108,4096,4085,4099,4096,0000000000111111
5586,4262,4095,4106,4096,4080,4097,4096,0000000000111111
5604,4272,4100,4099,4096,4081,4103,4096,0000000000111111
5623,4284,4099,4098,4096,4082,4102,4096,0000000000111111
5642,4295,4096,4111,4096,4084,4102,4096,0000000000111111
5652,4301,4099,4113,4096,4087,4081,4096,0000000000111111
5664,4309,4103,4101,4096,4087,4097,4096,0000000000111111
5680,4316,4096,4099,4096,4085,4100,4096,0000000000111111
5694,4331,4099,4100,4096,4087,4101,4096,0000000000111111
5709,4342,4099,4102,4096,4086,4090,4096,0000000000111111
5722,4351,4104,4107,4096,4077,4103,4096,0000000000111111
5735,4360,4093,4099,4096,4087,4104,4096,0000000000111111
5747,4366,4102,4108,4096,4091,4101,4096,0000000000111111
5757,4374,4112,4105,4096,4086,4100,4096,0000000000111111
5768,4382,4102,4103,4096,4086,4091,4096,0000000000111111
5780,4393,4093,4100,4096,4080,4094,4096,0000000000111111
5795,4401,4104,4098,4096,4087,4099,4096,0000000000111111
5808,4407,4095,4109,4096,4093,4093,4096,0000000000111111
5820,4414,4112,4106,4096,4087,4099,4096,0000000000111111
5833,4427,4109,4099,4096,4087,4097,4096,0000000000111111
5847,4437,4105,4106,4096,4087,4099,4096,0000000000111111
5862,4445,4101,4102,4096,4093,4105,4096,0000000000111111
5878,4453,4102,4101,4096,4082,4102,4096,0000000000111111
5894,4465,4108,4105,4096,4084,4099,4096,0000000000111111
5910,4476,4106,4104,4096,4077,4102,4096,0000000000111111
5926,4487,4102,4103,4096,4089,4104,4096,0000000000111111
5940,4498,4104,4086,4096,4087,4104,4096,0000000000111111
5955,4506,4102,4090,4096,4090,4107,4096,0000000000111111
5973,4515,4106,4092,4096,4088,4095,4096,0000000000111111
5986,4526,4109,4094,4096,4091,4102,4096,0000000000111111
6002,4536,4106,4092,4096,4081,4097,4096,0000000000111111
6017,4545,4102,4093,4096,4083,4104,4096,0000000000111111
6030,4550,4106,4093,4096,4089,4093,4096,0000000000111111
6043,4558,4108,4091,4096,4093,4105,4096,0000000000111111
6055,4565,4108,4093,4096,4087,4111,4096,0000000000111111
6069,4577,4093,4091,4096,4086,4116,4096,0000000000111111
6081,4584,4106,4086,4096,4084,4107,4096,0000000000111111
6093,4589,4102,4080,4096,4089,4108,4096,0000000000111111
6107,4597,4108,4090,4096,4092,4107,4096,0000000000111111
6125,4603,4106,4089,4096,4093,4093,4096,0000000000111111
6139,4611,4102,4085,4096,4092,4098,4096,0000000000111111
6153,4620,4100,4093,4096,4094,4106,4096,0000000000111111
6165,4625,4100,4091,4096,4092,4105,4096,0000000000111111
6177,4633,4088,4089,4096,4093,4099,4096,0000000000111111
6189,4644,4106,4093,4096,4092,4099,4096,0000000000111111
6201,4656,4103,4098,4096,4094,4102,4096,0000000000111111
6215,4663,4103,4089,4096,4093,4104,4096,0000000000111111
6229,4668,4109,4099,4095,4098,4105,4096,0000000000111111
6243,4677,4103,4103,4096,4089,4100,4096,0000000000111111
6257,4689,4106,4107,4096,4089,4103,4096,0000000000111111
6274,4700,4105,4111,4096,4098,4107,4096,0000000000111111
6288,4711,4104,4103,4096,4091,4098,4096,0000000000111111
6302,4722,4095,4104,4096,4093,4107,4096,0000000000111111
6316,4731,4102,4102,4096,4093,4109,4096,0000000000111111
6325,4741,4099,4108,4096,4091,4105,4096,0000000000111111
6332,4752,4100,4108,4096,4100,4102,4096,0000000000111111
6340,4762,4103,4102,4096,4093,4102,4096,0000000000111111
6349,4768,4094,4097,4096,4099,4102,4096,0000000000111111
6358,4774,4099,4103,4096,4088,4104,4096,0000000000111111
6365,4781,4097,4106,4096,4093,4100,4096,0000000000111111
6369,4791,4102,4106,4096,4093,4098,4096,0000000000111111
6374,4800,4098,4107,4096,4097,4095,4096,0000000000111111
6382,4805,4102,4111,4096,4102,4102,4096,0000000000111111
6387,4808,4095,4093,4096,4106,4099,4096,0000000000111111
6391,4814,4098,4098,4096,4099,4108,4096,0000000000111111
6392,4818,4093,4098,4096,4104,4103,4096,0000000000111111
6396,4821,4099,4095,4096,4102,4102,4096,0000000000111111
6399,4826,4099,4095,4096,4099,4107,4096,0000000000111111
6403,4832,4099,4093,4096,4106,4105,4096,0000000000111111
6406,4839,4098,4086,4096,4109,4103,4096,0000000000111111
6408,4847,4096,4102,4096,4107,4106,4096,0000000000111111
6410,4854,4099,4107,4096,4109,4104,4096,0000000000111111
6413,4862,4100,4106,4096,4108,4107,4096,0000000000111111
6418,4873,4098,4105,4096,4106,4103,4096,0000000000111111
6421,4886,4098,4104,4096,4103,4101,4096,0000000000111111
6426,4896,4102,4101,4096,4109,4102,4096,0000000000111111
6430,4905,4098,4103,4096,4109,4106,4096,0000000000111111
6434,4913,4093,4103,4096,4109,4109,4096,0000000000111111
6438,4925,4104,4112,4096,4111,4105,4096,0000000000111111
6442,4938,4098,4108,4096,4106,4106,4096,0000000000111111
6446,4948,4105,4106,4096,4104,4098,4096,0000000000111111
6449,4953,4101,4100,4096,4110,4108,4096,0000000000111111
6450,4958,4096,4104,4096,4110,4102,4096,0000000000111111
6451,4967,4100,4105,4096,4099,4114,4096,0000000000111111
6454,4978,4104,4106,4096,4102,4106,4096,0000000000111111
6455,4987,4102,4109,4096,4106,4106,4096,0000000000111111
6458,4990,4098,4106,4096,4110,4107,4096,0000000000111111
6459,4993,4101,4112,4096,4101,4101,4096,0000000000111111
6454,4999,4103,4106,4096,4099,4113,4096,0000000000111111
6450,5007,4100,4106,4096,4097,4100,4096,0000000000111111
6447,5016,4097,4107,4096,4097,4112,4096,0000000000111111
6437,5022,4099,4106,4096,4102,4109,4096,0000000000111111
6429,5028,4106,4106,4095,4099,4105,4096,0000000000111111
6421,5035,4108,4098,4096,4101,4106,4096,0000000000111111
6416,5041,4105,4102,4096,4106,4105,4096,0000000000111111
6414,5045,4098,4106,4096,4107,4107,4096,0000000000111111
6415,5045,4106,4098,4096,4111,4112,4096,0000000000111111
6424,5046,4106,4101,4096,4108,4107,4096,0000000000111111
6425,5047,4109,4102,4096,4112,4106,4096,0000000000111111
6419,5050,4102,4102,4096,4112,4106,4096,0000000000111111
6417,5051,4112,4106,4096,4113,4102,4096,0000000000111111
6421,5049,4107,4104,4096,4108,4091,4096,0000000000111111
6425,5050,4109,4104,4096,4114,4104,4096,0000000000111111
6426,5052,4110,4107,4096,4114,4102,4096,0000000000111111
6427,5057,4105,4105,4096,4099,4103,4096,0000000000111111
6427,5060,4106,4105,4096,4107,4112,4096,0000000000111111
6428,5059,4099,4099,4096,4109,4105,4096,0000000000111111
6429,5060,4106,4095,4096,4107,4098,4096,0000000000111111
6429,5064,4101,4094,4096,4105,4103,4096,0000000000111111
6428,5068,4099,4093,4096,4106,4104,4096,0000000000111111
6426,5070,4106,4093,4096,4107,4099,4096,0000000000111111
6424,5069,4106,4094,4096,4104,4097,4096,0000000000111111
6423,5070,4100,4094,4096,4108,4105,4096,0000000000111111
6423,5073,4108,4093,4096,4109,4100,4096,0000000000111111
6425,5076,4098,4096,4096,4112,4096,4096,0000000000111111
6430,5076,4105,4092,4096,4113,4108,4096,0000000000111111
6432,5073,4104,4089,4096,4109,4107,4096,0000000000111111
6432,5074,4092,4088,4096,4099,4105,4096,0000000000111111
6429,5077,4094,4092,4096,4107,4105,4096,0000000000111111
6425,5080,4099,4093,4096,4099,4101,4096,0000000000111111
6424,5078,4100,4096,4096,4103,4103,4096,0000000000111111
6422,5076,4096,4102,4096,4107,4099,4096,0000000000111111
6426,5076,4109,4097,4096,4105,4108,4096,0000000000111111
6426,5080,4104,4109,4096,4103,4106,4096,0000000000111111
6424,5084,4097,4113,4096,4097,4099,4096,0000000000111111
6423,5086,4095,4113,4096,4097,4095,4096,0000000000111111
6423,5084,4103,4100,4096,4100,4103,4096,0000000000111111
6421,5086,4108,4103,4096,4101,4098,4096,0000000000111111
6418,5090,4108,4109,4096,4106,4098,4096,0000000000111111
6412,5096,4101,4104,4096,4106,4106,4096,0000000000111111
6408,5097,4099,4106,4096,4106,4099,4096,0000000000111111
6408,5097,4107,4111,4096,4100,4113,4096,0000000000111111
6408,5100,4103,4111,4096,4103,4113,4096,0000000000111111
6408,5103,4097,4102,4096,4099,4106,4096,0000000000111111
6408,5106,4093,4101,4096,4099,4100,4096,0000000000111111
6406,5105,4095,4106,4096,4106,4088,4096,0000000000111111
6408,5105,4097,4104,4096,4099,4103,4096,0000000000111111
6408,5107,4104,4101,4096,4103,4106,4096,0000000000111111
6408,5111,4099,4092,4096,4097,4104,4096,0000000000111111
6407,5114,4100,4095,4096,4103,4105,4096,0000000000111111
6406,5110,4094,4087,4096,4101,4107,4096,0000000000111111
6407,5109,4110,4099,4096,4107,4105,4096,0000000000111111
6408,5110,4103,4093,4096,4102,4099,4096,0000000000111111
6408,5114,4104,4095,4096,4111,4112,4096,0000000000111111
6408,5116,4102,4093,4096,4094,4110,4096,0000000000111111
6407,5112,4095,4098,4096,4093,4109,4096,0000000000111111
6405,5110,4105,4092,4096,4099,4111,4096,0000000000111111
6404,5111,4102,4094,4096,4099,4099,4096,0000000000111111
6402,5116,4101,4089,4096,4102,4111,4096,0000000000111111
6401,5119,4099,4100,4096,4096,4099,4096,0000000000111111
6400,5117,4102,4103,4096,4105,4110,4096,0000000000111111
6399,5116,4100,4099,4095,4106,4109,4096,0000000000111111
6400,5117,4107,4102,4096,4105,4107,4096,0000000000111111
6402,5118,4107,4099,4096,4109,4108,4096,0000000000111111
6402,5118,4103,4107,4096,4112,4101,4096,0000000000111111
6403,5116,4106,4103,4096,4107,4099,4096,0000000000111111
6403,5113,4089,4108,4096,4106,4104,4096,0000000000111111
6403,5112,4096,4108,4096,4104,4106,4096,0000000000111111
6403,5115,4102,4102,4096,4100,4097,4096,0000000000111111
6403,5115,4104,4098,4096,4099,4105,4096,0000000000111111
6403,5111,4099,4103,4096,4094,4104,4096,0000000000111111
6405,5107,4106,4090,4096,4095,4101,4096,0000000000111111
6406,5109,4102,4095,4096,4095,4098,4096,0000000000111111
6406,5110,4099,4099,4096,4097,4112,4096,0000000000111111
6405,5111,4097,4095,4096,4096,4109,4096,0000000000111111
6404,5107,4102,4098,4096,4089,4100,4096,0000000000111111
6402,5105,4105,4092,4096,4090,4111,4096,0000000000111111
6403,5107,4109,4093,4096,4102,4108,4096,0000000000111111
6403,5111,4101,4105,4096,4097,4106,4096,0000000000111111
6402,5111,4099,4103,4096,4096,4103,4096,0000000000111111
6403,5109,4105,4106,4096,4093,4095,4096,0000000000111111
6403,5108,4103,4106,4096,4092,4110,4096,0000000000111111
6404,5109,4099,4104,4096,4097,4105,4096,0000000000111111
6405,5112,4095,4099,4096,4091,4111,4096,0000000000111111
6404,5112,4101,4099,4096,4102,4106,4096,0000000000111111
6404,5109,4105,4097,4096,4102,4104,4096,0000000000111111
6402,5106,4102,4089,4096,4098,4109,4096,0000000000111111
6402,5107,4106,4086,4096,4099,4106,4096,0000000000111111
6401,5109,4107,4094,4096,4099,4112,4096,0000000000111111
6401,5108,4099,4096,4096,4094,4110,4096,0000000000111111
6400,5102,4104,4096,4096,4098,4102,4096,0000000000111111
6401,5101,4105,4097,4096,4098,4104,4096,0000000000111111
6402,5102,4106,4093,4096,4094,4112,4096,0000000000111111
6402,5106,4096,4093,4096,4096,4111,4096,0000000000111111
6402,5105,4112,4097,4096,4099,4106,4096,0000000000111111
6401,5102,4102,4094,4096,4101,4110,4096,0000000000111111
6402,5101,4109,4086,4096,4101,4104,4096,0000000000111111
6401,5102,4112,4088,4096,4105,4106,4096,0000000000111111
6402,5105,4102,4086,4096,4099,4106,4096,0000000000111111
6403,5102,4106,4099,4096,4098,4101,4096,0000000000111111
6402,5097,4098,4094,4096,4102,4104,4096,0000000000111111
6400,5096,4115,4100,4096,4103,4107,4096,0000000000111111
6398,5097,4106,4102,4096,4101,4113,4096,0000000000111111
6396,5100,4103,4099,4096,4097,4112,4096,0000000000111111
6396,5098,4099,4103,4096,4101,4111,4096,0000000000111111
6396,5095,4107,4103,4096,4106,4107,4096,0000000000111111
6397,5095,4104,4095,4096,4107,4112,4096,0000000000111111
6396,5097,4105,4096,4096,4100,4111,4096,0000000000111111
6397,5099,4102,4095,4096,4094,4112,4096,0000000000111111
6398,5099,4097,4090,4096,4098,4105,4096,0000000000111111
6398,5094,4105,4097,4096,4101,4110,4096,0000000000111111
6397,5094,4110,4108,4096,4099,4103,4096,0000000000111111
6397,5094,4106,4106,4096,4099,4110,4096,0000000000111111
6397,5096,4104,4105,4096,4097,4112,4096,0000000000111111
6396,5093,4100,4108,4096,4095,4115,4096,0000000000111111
6395,5090,4102,4100,4096,4090,4093,4096,0000000000111111
6395,5089,4102,4102,4096,4092,4110,4096,0000000000111111
6396,5092,4104,4107,4096,4090,4112,4096,0000000000111111
6395,5094,4106,4108,4096,4101,4102,4096,0000000000111111
6396,5093,4099,4106,4096,4096,4101,4096,0000000000111111
6395,5089,4099,4104,4096,4086,4093,4096,0000000000111111
6395,5087,4100,4095,4096,4095,4106,4096,0000000000111111
6395,5090,4107,4094,4096,4094,4094,4096,0000000000111111
6394,5092,4099,4095,4096,4086,4094,4096,0000000000111111
6394,5089,4101,4097,4096,4085,4110,4096,0000000000111111
6394,5084,4095,4094,4096,4092,4112,4096,0000000000111111
6393,5084,4115,4087,4096,4088,4111,4096,0000000000111111
6393,5087,4108,4105,4096,4092,4112,4096,0000000000111111
6393,5088,4105,4106,4096,4093,4107,4096,0000000000111111
6395,5085,4108,4105,4096,4094,4110,4096,0000000000111111
6393,5081,4091,4106,4096,4092,4106,4096,0000000000111111
6394,5081,4100,4111,4096,4096,4106,4096,0000000000111111
6395,5084,4099,4108,4096,4093,4110,4096,0000000000111111
6397,5089,4104,4108,4096,4093,4115,4096,0000000000111111
6395,5091,4100,4103,4096,4090,4104,4096,0000000000111111
6398,5089,4098,4107,4096,4092,4105,4096,0000000000111111
6402,5089,4099,4102,4096,4094,4106,4096,0000000000111111
6403,5091,4109,4114,4096,4090,4104,4096,0000000000111111
6402,5092,4099,4106,4096,4094,4105,4096,0000000000111111
6398,5089,4106,4103,4096,4099,4106,4096,0000000000111111
6396,5084,4101,4099,4096,4086,4106,4096,0000000000111111
6396,5083,4106,4097,4096,4090,4091,4096,0000000000111111
6396,5086,4117,4090,4096,4086,4097,4096,0000000000111111
6398,5087,4110,4095,4096,4093,4106,4096,0000000000111111
6398,5084,4106,4093,4096,4086,4091,4096,0000000000111111
6399,5083,4104,4091,4096,4086,4099,4096,0000000000111111
6397,5084,4094,4090,4096,4085,4106,4096,0000000000111111
6397,5086,4102,4097,4096,4090,4106,4096,0000000000111111
6397,5087,4103,4106,4096,4082,4106,4096,0000000000111111
6397,5083,4106,4103,4096,4089,4108,4096,0000000000111111
6397,5081,4105,4111,4096,4084,4108,4096,0000000000111111
6396,5082,4108,4111,4096,4079,4101,4096,0000000000111111
6396,5085,4107,4103,4096,4085,4111,4096,0000000000111111
6396,5085,4109,4101,4096,4090,4110,4096,0000000000111111
6400,5083,4106,4097,4096,4085,4107,4096,0000000000111111
6403,5079,4112,4104,4096,4094,4102,4096,0000000000111111
6402,5080,4108,4105,4096,4081,4105,4096,0000000000111111
6400,5083,4115,4105,4096,4084,4107,4096,0000000000111111
6401,5083,4110,4101,4096,4081,4107,4096,0000000000111111
6402,5080,4106,4107,4096,4075,4103,4096,0000000000111111
6402,5078,4107,4105,4096,4079,4104,4096,0000000000111111
6400,5079,4112,4115,4096,4080,4108,4096,0000000000111111
6400,5081,4112,4099,4096,4084,4106,4096,0000000000111111
6399,5079,4112,4104,4096,4077,4107,4096,0000000000111111
6401,5076,4108,4106,4096,4081,4106,4096,0000000000111111
6402,5071,4105,4109,4096,4086,4103,4096,0000000000111111
6402,5069,4108,4112,4096,4083,4107,4096,0000000000111111
6403,5067,4110,4107,4096,4083,4099,4096,0000000000111111
6405,5062,4109,4103,4096,4082,4099,4096,0000000000111111
6405,5053,4112,4099,4096,4091,4101,4096,0000000000111111
6406,5047,4109,4113,4096,4084,4106,4096,0000000000111111
6404,5043,4112,4109,4096,4080,4103,4096,0000000000111111
6401,5039,4113,4099,4096,4080,4100,4096,0000000000111111
6398,5032,4115,4099,4096,4079,4097,4096,0000000000111111
6395,5025,4110,4105,4096,4089,4097,4096,0000000000111111
6390,5020,4107,4097,4096,4082,4106,4096,0000000000111111
6387,5017,4112,4093,4096,4086,4104,4096,0000000000111111
6383,5014,4108,4098,4096,4091,4104,4096,0000000000111111
6380,5009,4100,4103,4096,4086,4106,4096,0000000000111111
6377,5004,4106,4105,4096,4086,4104,4096,0000000000111111
6375,4998,4109,4098,4096,4076,4102,4096,0000000000111111
6373,4997,4113,4103,4096,4086,4109,4096,0000000000111111
6369,4996,4104,4105,4096,4089,4093,4096,0000000000111111
6368,4990,4102,4102,4096,4086,4099,4096,0000000000111111
6364,4982,4104,4100,4096,4077,4099,4096,0000000000111111
6362,4977,4110,4103,4096,4083,4109,4096,0000000000111111
6358,4972,4106,4105,4096,4076,4108,4096,0000000000111111
6355,4966,4110,4102,4096,4073,4104,4096,0000000000111111
6352,4956,4106,4102,4096,4068,4112,4096,0000000000111111
6349,4944,4106,4099,4096,4076,4109,4096,0000000000111111
6346,4936,4109,4093,4096,4075,4106,4096,0000000000111111
6342,4931,4102,4094,4096,4079,4106,4096,0000000000111111
6338,4926,4098,4098,4096,4079,4112,4096,0000000000111111
6333,4919,4103,4103,4096,4077,4107,4096,0000000000111111
6329,4908,4101,4103,4096,4080,4108,4096,0000000000111111
6324,4904,4106,4099,4096,4091,4100,4096,0000000000111111
6320,4900,4109,4099,4096,4084,4106,4096,0000000000111111
6316,4897,4108,4099,4096,4085,4110,4096,0000000000111111
6312,4889,4110,4102,4096,4080,4106,4096,0000000000111111
6307,4882,4104,4104,4096,4086,4105,4096,0000000000111111
6303,4875,4106,4103,4096,4088,4099,4096,0000000000111111
6300,4869,4107,4109,4096,4081,4109,4096,0000000000111111
6295,4865,4111,4106,4096,4081,4097,4096,0000000000111111
6289,4857,4105,4102,4096,4073,4110,4096,0000000000111111
6285,4844,4101,4101,4096,4080,4110,4096,0000000000111111
6283,4833,4110,4099,4096,4083,4110,4096,0000000000111111
6277,4824,4107,4108,4096,4080,4110,4096,0000000000111111
6273,4817,4110,4101,4096,4079,4104,4096,0000000000111111
6270,4804,4107,4101,4096,4085,4106,4096,0000000000111111
6265,4788,4111,4099,4096,4080,4106,4096,0000000000111111
6262,4777,4112,4110,4096,4081,4108,4096,0000000000111111
6256,4772,4106,4103,4096,4080,4108,4096,0000000000111111
6244,4766,4106,4102,4096,4084,4105,4096,0000000000111111
6234,4757,4111,4107,4096,4079,4109,4096,0000000000111111
6226,4750,4103,4107,4096,4077,4103,4096,0000000000111111
6223,4743,4101,4101,4096,4082,4102,4096,0000000000111111
6218,4739,4104,4098,4096,4076,4111,4096,0000000000111111
6209,4734,4101,4099,4096,4080,4111,4096,0000000000111111
6198,4724,4102,4102,4095,4084,4106,4096,0000000000111111
6189,4715,4098,4100,4096,4071,4112,4096,0000000000111111
6183,4708,4099,4103,4096,4083,4113,4096,0000000000111111
6177,4702,4101,4096,4095,4087,4097,4096,0000000000111111
6168,4696,4105,4099,4096,4080,4106,4096,0000000000111111
6161,4686,4101,4100,4096,4085,4104,4096,0000000000111111
6151,4679,4100,4103,4096,4080,4106,4096,0000000000111111
6144,4675,4099,4098,4096,4079,4107,4096,0000000000111111
6136,4670,4099,4106,4096,4078,4107,4096,0000000000111111
6125,4663,4097,4097,4096,4074,4106,4096,0000000000111111
6115,4655,4103,4102,4096,4076,4112,4096,0000000000111111
6105,4646,4099,4095,4096,4078,4112,4096,0000000000111111
6094,4640,4110,4102,4096,4088,4113,4096,0000000000111111
6079,4635,4108,4102,4096,4085,4113,4096,0000000000111111
6065,4627,4102,4096,4096,4084,4102,4096,0000000000111111
6047,4617,4098,4099,4096,4087,4097,4096,0000000000111111
6032,4605,4100,4107,4096,4080,4107,4096,0000000000111111
6019,4594,4100,4112,4096,4074,4097,4096,0000000000111111
6009,4587,4100,4111,4096,4078,4101,4096,0000000000111111
5999,4579,4098,4108,4096,4076,4106,4096,0000000000111111
5988,4570,4102,4099,4096,4085,4103,4096,0000000000111111
5977,4560,4099,4103,4096,4084,4097,4096,0000000000111111
5963,4548,4099,4099,4096,4081,4099,4096,0000000000111111
5950,4535,4103,4110,4096,4079,4102,4096,0000000000111111
5936,4521,4105,4106,4096,4083,4096,4096,0000000000111111
5916,4506,4100,4111,4096,4083,4106,4096,0000000000111111
5895,4494,4102,4112,4096,4083,4100,4096,0000000000111111
5875,4481,4109,4119,4096,4081,4106,4096,0000000000111111
5855,4471,4104,4108,4096,4082,4106,4096,0000000000111111
5837,4460,4106,4109,4096,4082,4106,4096,0000000000111111
5821,4444,4106,4110,4096,4085,4099,4096,0000000000111111
5801,4429,4102,4105,4096,4080,4097,4096,0000000000111111
5777,4416,4097,4108,4096,4083,4102,4096,0000000000111111
5752,4408,4106,4105,4096,4081,4106,4096,0000000000111111
5725,4394,4099,4101,4096,4087,4105,4096,0000000000111111
5697,4377,4096,4102,4096,4084,4106,4096,0000000000111111
5670,4358,4099,4106,4095,4085,4097,4096,0000000000111111
5643,4342,4095,4106,4096,4086,4108,4096,0000000000111111
5615,4329,4104,4106,4096,4089,4105,4096,0000000000111111
5584,4312,4105,4106,4096,4081,4099,4096,0000000000111111
5552,4293,4105,4106,4096,4080,4095,4096,0000000000111111
5525,4279,4098,4100,4096,4085,4106,4096,0000000000111111
5503,4274,4101,4106,4096,4078,4108,4096,0000000000111111
5481,4269,4094,4107,4096,4077,4108,4096,0000000000111111
5459,4257,4101,4102,4095,4084,4102,4096,0000000000111111
5440,4244,4096,4097,4096,4081,4098,4096,0000000000111111
5425,4237,4107,4103,4096,4081,4109,4096,0000000000111111
5407,4240,4109,4112,4096,4083,4098,4096,0000000000111111
5389,4240,4103,4114,4096,4080,4103,4096,0000000000111111
5375,4231,4099,4108,4096,4080,4106,4096,0000000000111111
5359,4221,4098,4106,4096,4076,4103,4096,0000000000111111
5346,4217,4099,4108,4096,4078,4106,4096,0000000000111111
5326,4216,4103,4110,4096,4078,4104,4096,0000000000111111
5310,4209,4105,4112,4096,4082,4092,4096,0000000000111111
5300,4201,4102,4098,4096,4085,4111,4096,0000000000111111
5290,4194,4104,4105,4096,4089,4083,4096,0000000000111111
5278,4191,4096,4111,4096,4085,4086,4096,0000000000111111
5264,4185,4099,4110,4096,4086,4104,4096,0000000000111111
5248,4180,4100,4112,4096,4086,4099,4096,0000000000111111
5233,4178,4099,4107,4096,4087,4101,4096,0000000000111111
5215,4172,4100,4106,4096,4087,4098,4096,0000000000111111
5195,4165,4102,4111,4095,4082,4099,4096,0000000000111111
5176,4156,4104,4114,4096,4081,4087,4096,0000000000111111
5155,4152,4108,4104,4095,4081,4099,4096,0000000000111111
5132,4149,4099,4105,4096,4078,4105,4096,0000000000111111
5108,4143,4107,4113,4096,4090,4107,4096,0000000000111111
5085,4137,4103,4113,4096,4089,4105,4096,0000000000111111
5065,4132,4093,4116,4095,4083,4106,4096,0000000000111111
5044,4128,4107,4114,4096,4086,4093,4096,0000000000111111
5027,4120,4099,4112,4096,4080,4103,4096,0000000000111111
5009,4109,4100,4109,4096,4074,4102,4096,0000000000111111
4990,4104,4099,4114,4096,4078,4105,4096,0000000000111111
4971,4108,4102,4121,4096,4075,4101,4096,0000000000111111
4953,4111,4100,4112,4096,4076,4094,4096,0000000000111111
4933,4102,4101,4112,4096,4085,4100,4096,0000000000111111
4917,4090,4101,4111,4096,4086,4104,4096,0000000000111111
4900,4095,4098,4110,4096,4084,4103,4096,0000000000111111
4882,4105,4109,4112,4096,4088,4103,4096,0000000000111111
4861,4105,4095,4107,4096,4080,4099,4096,0000000000111111
4844,4098,4097,4113,4096,4085,4099,4096,0000000000111111
4828,4095,4101,4110,4096,4089,4103,4096,0000000000111111
4812,4102,4101,4109,4096,4079,4102,4096,0000000000111111
4796,4112,4099,4112,4096,4086,4089,4096,0000000000111111
4778,4111,4106,4112,4095,4087,4097,4096,0000000000111111
4758,4108,4102,4106,4096,4085,4098,4096,0000000000111111
4738,4105,4108,4116,4096,4086,4098,4096,0000000000111111
4718,4106,4106,4120,4096,4091,4102,4096,0000000000111111
4698,4113,4100,4114,4096,4086,4097,4096,0000000000111111
4678,4119,4107,4118,4096,4091,4103,4096,0000000000111111
4656,4120,4104,4102,4096,4089,4105,4096,0000000000111111
4636,4120,4103,4108,4096,4078,4095,4096,0000000000111111
4616,4121,4098,4110,4096,4083,4091,4096,0000000000111111
4600,4126,4101,4106,4096,4074,4105,4096,0000000000111111
4583,4132,4102,4109,4096,4086,4100,4096,0000000000111111
4567,4137,4108,4108,4096,4090,4098,4096,0000000000111111
4548,4139,4105,4099,4096,4079,4098,4096,0000000000111111
4532,4139,4109,4104,4096,4085,4106,4096,0000000000111111
4513,4143,4110,4113,4096,4089,4106,4096,0000000000111111
4491,4145,4098,4106,4096,4091,4105,4096,0000000000111111
4466,4148,4106,4105,4096,4086,4087,4096,0000000000111111
4441,4152,4103,4104,4096,4085,4094,4096,0000000000111111
4416,4154,4106,4101,4096,4082,4094,4096,0000000000111111
4395,4156,4105,4100,4096,4082,4101,4096,0000000000111111
4377,4156,4094,4105,4096,4083,4104,4096,0000000000111111
4359,4155,4100,4103,4096,4084,4099,4096,0000000000111111
4340,4155,4101,4109,4096,4079,4099,4096,0000000000111111
4324,4157,4100,4107,4096,4080,4090,4096,0000000000111111
4313,4158,4106,4103,4096,4087,4093,4096,0000000000111111
4303,4157,4095,4115,4096,4092,4097,4096,0000000000111111
4291,4158,4099,4107,4096,4086,4093,4096,0000000000111111
4279,4159,4103,4110,4096,4086,4093,4096,0000000000111111
4271,4158,4102,4105,4096,4082,4089,4096,0000000000111111
4261,4156,4100,4098,4096,4083,4090,4096,0000000000111111
4253,4157,4105,4102,4096,4080,4101,4096,0000000000111111
4244,4156,4108,4103,4096,4086,4093,4096,0000000000111111
4236,4155,4106,4107,4096,4080,4098,4096,0000000000111111
4225,4154,4105,4110,4096,4085,4099,4096,0000000000111111
4214,4152,4106,4111,4096,4074,4102,4096,0000000000111111
4205,4152,4109,4110,4095,4081,4093,4096,0000000000111111
4195,4152,4112,4120,4096,4081,4086,4096,0000000000111111
4186,4152,4109,4109,4096,4080,4094,4096,0000000000111111
4178,4151,4103,4119,4096,4084,4096,4096,0000000000111111
4167,4150,4102,4114,4096,4080,4090,4096,0000000000111111
4159,4151,4111,4112,4096,4080,4085,4096,0000000000111111
4151,4151,4100,4115,4096,4081,4090,4096,0000000000111111
4144,4149,4108,4108,4095,4082,4094,4096,0000000000111111
4136,4147,4106,4108,4096,4085,4096,4096,0000000000111111
4125,4146,4101,4104,4096,4087,4099,4096,0000000000111111
4112,4149,4111,4107,4096,4080,4097,4096,0000000000111111
4104,4146,4101,4108,4096,4094,4094,4096,0000000000111111
4095,4145,4100,4107,4096,4086,4092,4096,0000000000111111
4085,4145,4103,4106,4096,4093,4074,4096,0000000000111111
4076,4145,4107,4105,4095,4086,4093,4096,0000000000111111
4070,4144,4103,4105,4096,4080,4089,4096,0000000000111111
4065,4141,4099,4099,4096,4074,4100,4096,0000000000111111
4061,4139,4093,4113,4096,4084,4086,4096,0000000000111111
4056,4138,4102,4108,4096,4092,4093,4096,0000000000111111
4052,4136,4101,4109,4096,4091,4088,4096,0000000000111111
4049,4133,4099,4111,4096,4087,4097,4096,0000000000111111
4044,4128,4093,4109,4095,4086,4087,4096,0000000000111111
4040,4126,4103,4103,4095,4087,4089,4096,0000000000111111
4039,4126,4100,4106,4096,4080,4093,4096,0000000000111111
4036,4124,4111,4106,4095,4084,4086,4096,0000000000111111
4033,4121,4106,4104,4096,4089,4084,4096,0000000000111111
4030,4119,4108,4105,4095,4082,4082,4096,0000000000111111
4033,4118,4105,4100,4096,4085,4092,4096,0000000000111111
4028,4117,4101,4097,4096,4082,4093,4096,0000000000111111
4027,4117,4105,4095,4096,4085,4080,4096,0000000000111111
4026,4116,4100,4095,4096,4087,4097,4096,0000000000111111
4027,4117,4096,4097,4096,4084,4093,4096,0000000000111111
4028,4116,4099,4094,4096,4080,4089,4096,0000000000111111
4027,4115,4103,4106,4096,4077,4096,4096,0000000000111111
4024,4114,4107,4103,4095,4081,4094,4096,0000000000111111
4027,4113,4106,4104,4096,4086,4094,4096,0000000000111111
4031,4115,4102,4108,4096,4086,4097,4096,0000000000111111
4033,4115,4103,4103,4096,4086,4095,4096,0000000000111111
4032,4115,4108,4099,4096,4084,4090,4096,0000000000111111
4031,4115,4104,4103,4096,4085,4089,4096,0000000000111111
4029,4115,4102,4109,4096,4076,4087,4096,0000000000111111
4030,4116,4110,4103,4096,4082,4099,4096,0000000000111111
4030,4116,4105,4099,4095,4087,4098,4096,0000000000111111
4030,4116,4105,4103,4096,4080,4099,4096,0000000000111111
4031,4117,4098,4105,4096,4083,4093,4096,0000000000111111
4034,4118,4098,4109,4096,4086,4095,4096,0000000000111111
4036,4119,4102,4108,4096,4092,4099,4096,0000000000111111
4036,4119,4104,4104,4096,4091,4090,4096,0000000000111111
4039,4119,4109,4102,4096,4085,4098,4096,0000000000111111
4040,4120,4107,4107,4096,4084,4097,4096,0000000000111111
4039,4119,4107,4107,4096,4079,4098,4096,0000000000111111
4038,4119,4100,4113,4096,4079,4095,4096,0000000000111111
4039,4119,4103,4114,4096,4080,4090,4096,0000000000111111
4040,4121,4101,4108,4096,4085,4089,4096,0000000000111111
4040,4121,4103,4106,4095,4088,4093,4096,0000000000111111
4039,4120,4102,4112,4096,4088,4093,4096,0000000000111111
4040,4120,4103,4111,4096,4091,4091,4096,0000000000111111
4040,4120,4104,4108,4096,4090,4095,4096,0000000000111111
4041,4121,4098,4110,4096,4083,4094,4096,0000000000111111
4042,4120,4106,4112,4095,4091,4091,4096,0000000000111111
4041,4119,4100,4109,4095,4083,4090,4096,0000000000111111
4041,4120,4093,4112,4096,4074,4092,4096,0000000000111111
4041,4121,4092,4107,4096,4083,4079,4096,0000000000111111
4042,4121,4099,4103,4096,4080,4088,4096,0000000000111111
4044,4122,4090,4109,4096,4079,4082,4096,0000000000111111
4044,4120,4099,4104,4096,4091,4092,4096,0000000000111111
4043,4120,4106,4105,4096,4089,4088,4096,0000000000111111
4044,4121,4107,4106,4096,4086,4093,4096,0000000000111111
4040,4122,4100,4114,4096,4079,4089,4096,0000000000111111
4037,4122,4102,4102,4095,4082,4088,4096,0000000000111111
4037,4121,4097,4103,4096,4084,4091,4096,0000000000111111
4038,4121,4100,4101,4096,4081,4092,4096,0000000000111111
4038,4121,4105,4112,4096,4081,4097,4096,0000000000111111
4038,4121,4099,4101,4096,4081,4093,4096,0000000000111111
4040,4120,4099,4103,4095,4085,4096,4096,0000000000111111
4043,4121,4100,4106,4096,4079,4099,4096,0000000000111111
4044,4120,4096,4109,4096,4087,4080,4096,0000000000111111
4042,4119,4105,4100,4096,4078,4077,4096,0000000000111111
4042,4119,4108,4105,4096,4089,4086,4096,0000000000111111
4042,4119,4101,4099,4096,4086,4085,4096,0000000000111111
4042,4118,4094,4100,4096,4089,4087,4096,0000000000111111
4040,4119,4103,4103,4096,4082,4092,4096,0000000000111111
4040,4119,4105,4103,4096,4085,4091,4096,0000000000111111
4040,4118,4101,4099,4096,4090,4085,4096,0000000000111111
4040,4119,4103,4106,4096,4080,4087,4096,0000000000111111
4040,4119,4101,4106,4096,4082,4087,4096,0000000000111111
4040,4118,4102,4108,4096,4086,4090,4096,0000000000111111
4040,4119,4101,4101,4096,4080,4090,4096,0000000000111111
4041,4119,4106,4111,4096,4083,4093,4096,0000000000111111
4041,4119,4104,4106,4096,4082,4091,4096,0000000000111111
4043,4120,4104,4102,4096,4087,4090,4096,0000000000111111
4045,4120,4104,4108,4096,4082,4093,4096,0000000000111111
4045,4121,4104,4107,4096,4078,4083,4096,0000000000111111
4047,4122,4103,4099,4096,4076,4092,4096,0000000000111111
4048,4123,4107,4099,4096,4089,4094,4096,0000000000111111
4048,4124,4105,4095,4096,4087,4097,4096,0000000000111111
4047,4123,4106,4094,4096,4086,4084,4096,0000000000111111
4046,4123,4101,4094,4096,4091,4096,4096,0000000000111111
4047,4124,4099,4093,4096,4086,4084,4096,0000000000111111
4046,4124,4098,4094,4096,4083,4090,4096,0000000000111111
4046,4124,4096,4086,4096,4074,4091,4096,0000000000111111
4045,4124,4099,4080,4096,4083,4079,4096,0000000000111111
4044,4124,4105,4087,4096,4081,4087,4096,0000000000111111
4044,4124,4105,4090,4096,4080,4090,4096,0000000000111111
4046,4124,4105,4084,4096,4078,4073,4096,0000000000111111
4046,4125,4097,4093,4096,4080,4078,4096,0000000000111111
4047,4125,4103,4086,4096,4086,4093,4096,0000000000111111
4047,4126,4099,4092,4096,4080,4093,4096,0000000000111111
4047,4124,4104,4106,4096,4081,4088,4096,0000000000111111
4047,4126,4095,4099,4096,4086,4094,4096,0000000000111111
4048,4126,4098,4101,4096,4087,4087,4096,0000000000111111
4047,4125,4092,4096,4096,4086,4085,4096,0000000000111111
4047,4125,4104,4104,4096,4084,4095,4096,0000000000111111
4047,4125,4100,4103,4096,4090,4098,4096,0000000000111111
4047,4126,4099,4097,4096,4087,4093,4096,0000000000111111
4047,4125,4100,4099,4096,4087,4093,4096,0000000000111111
4047,4125,4100,4096,4096,4086,4094,4096,0000000000111111
4048,4126,4108,4095,4096,4085,4094,4096,0000000000111111
4048,4126,4096,4101,4096,4082,4091,4096,0000000000111111
4048,4125,4100,4104,4096,4084,4092,4096,0000000000111111
4049,4126,4099,4110,4096,4086,4089,4096,0000000000111111
4050,4126,4105,4102,4096,4084,4095,4096,0000000000111111
4052,4126,4102,4106,4096,4083,4094,4096,0000000000111111
4053,4126,4095,4095,4096,4083,4089,4096,0000000000111111
4053,4126,4104,4100,4096,4082,4099,4096,0000000000111111
4054,4127,4099,4104,4096,4079,4092,4096,0000000000111111
4054,4128,4099,4108,4096,4073,4086,4096,0000000000111111
4055,4127,4099,4101,4096,4084,4094,4096,0000000000111111
4054,4127,4088,4100,4096,4086,4090,4096,0000000000111111
4055,4126,4098,4099,4096,4085,4098,4096,0000000000111111
4056,4128,4105,4099,4096,4077,4093,4096,0000000000111111
4057,4127,4102,4101,4096,4088,4087,4096,0000000000111111
4057,4127,4096,4112,4096,4085,4099,4096,0000000000111111
4059,4127,4102,4110,4096,4084,4101,4096,0000000000111111
4061,4127,4096,4099,4096,4080,4094,4096,0000000000111111
4064,4130,4099,4106,4096,4086,4092,4096,0000000000111111
4066,4128,4102,4105,4096,4084,4093,4096,0000000000111111
4066,4128,4101,4089,4096,4095,4093,4096,0000000000111111
4067,4128,4109,4088,4095,4090,4095,4096,0000000000111111
4070,4129,4102,4088,4096,4085,4089,4096,0000000000111111
4071,4129,4102,4083,4095,4087,4093,4096,0000000000111111
4072,4129,4108,4084,4095,4087,4094,4096,0000000000111111
4070,4128,4106,4091,4095,4084,4097,4096,0000000000111111
4071,4129,4100,4089,4095,4084,4096,4096,0000000000111111
4073,4129,4107,4084,4096,4081,4089,4096,0000000000111111
4074,4129,4105,4084,4096,4091,4093,4096,0000000000111111
4079,4130,4106,4088,4095,4087,4093,4096,0000000000111111
4081,4131,4099,4086,4096,4081,4095,4096,0000000000111111
4084,4131,4111,4083,4095,4083,4094,4096,0000000000111111
4086,4130,4103,4093,4095,4086,4093,4096,0000000000111111
4090,4130,4094,4079,4095,4082,4095,4096,0000000000111111
4093,4130,4099,4086,4096,4080,4093,4096,0000000000111111
4097,4130,4099,4077,4096,4084,4090,4096,0000000000111111
4099,4131,4102,4087,4096,4084,4102,4096,0000000000111111
4106,4130,4099,4083,4096,4081,4099,4096,0000000000111111
4112,4132,4103,4098,4096,4076,4096,4096,0000000000111111
4116,4132,4093,4102,4096,4086,4088,4096,0000000000111111
4119,4132,4095,4093,4096,4079,4094,4096,0000000000111111
4124,4132,4099,4097,4096,4086,4083,4096,0000000000111111
4132,4136,4098,4092,4096,4084,4096,4096,0000000000111111
4139,4141,4095,4086,4096,4090,4087,4096,0000000000111111
4145,4145,4094,4086,4095,4088,4099,4096,0000000000111111
4152,4147,4095,4092,4096,4084,4094,4096,0000000000111111
4167,4150,4095,4098,4096,4084,4099,4096,0000000000111111
4185,4151,4097,4089,4096,4080,4082,4096,0000000000111111
4204,4151,4097,4081,4096,4085,4097,4096,0000000000111111
4221,4148,4095,4086,4095,4084,4099,4096,0000000000111111
4241,4147,4093,4086,4095,4085,4099,4096,0000000000111111
4264,4146,4101,4092,4096,4083,4090,4096,0000000000111111
4287,4147,4096,4093,4096,4079,4092,4096,0000000000111111
4305,4145,4102,4090,4095,4080,4081,4096,0000000000111111
4322,4144,4110,4084,4096,4085,4099,4096,0000000000111111
4339,4143,4110,4092,4096,4080,4099,4096,0000000000111111
4357,4143,4109,4090,4096,4082,4102,4096,0000000000111111
4370,4142,4096,4090,4096,4079,4091,4096,0000000000111111
4381,4139,4104,4087,4096,4086,4094,4096,0000000000111111
4390,4139,4101,4086,4096,4080,4095,4096,0000000000111111
4401,4139,4104,4090,4096,4086,4096,4096,0000000000111111
4414,4139,4103,4086,4096,4082,4095,4096,0000000000111111
4427,4138,4103,4086,4096,4080,4088,4096,0000000000111111
4441,4135,4104,4086,4096,4085,4093,4096,0000000000111111
4455,4134,4099,4102,4096,4080,4093,4096,0000000000111111
4473,4133,4109,4103,4095,4081,4095,4096,0000000000111111
4489,4133,4100,4097,4096,4080,4086,4096,0000000000111111
4507,4132,4102,4099,4096,4084,4081,4096,0000000000111111
4523,4130,4099,4100,4096,4086,4086,4096,0000000000111111
4541,4128,4098,4099,4096,4081,4086,4096,0000000000111111
4564,4128,4095,4106,4096,4077,4093,4096,0000000000111111
4585,4128,4093,4106,4096,4081,4090,4096,0000000000111111
4605,4126,4100,4105,4096,4078,4090,4096,0000000000111111
4621,4124,4102,4103,4095,4080,4090,4096,0000000000111111
4640,4121,4098,4101,4096,4080,4090,4096,0000000000111111
4660,4121,4101,4091,4095,4084,4076,4096,0000000000111111
4680,4119,4104,4101,4096,4080,4086,4096,0000000000111111
4700,4116,4103,4100,4096,4075,4079,4096,0000000000111111
4719,4114,4103,4093,4096,4078,4088,4096,0000000000111111
4739,4114,4105,4100,4096,4083,4091,4096,0000000000111111
4762,4116,4107,4099,4096,4084,4088,4096,0000000000111111
4783,4117,4103,4098,4096,4083,4082,4096,0000000000111111
4803,4114,4100,4097,4096,4079,4086,4096,0000000000111111
4823,4112,4105,4102,4096,4080,4088,4096,0000000000111111
4845,4112,4098,4098,4096,4082,4088,4096,0000000000111111
4868,4112,4098,4104,4096,4077,4086,4096,0000000000111111
4889,4113,4099,4105,4096,4087,4088,4096,0000000000111111
4909,4116,4099,4106,4096,4079,4088,4096,0000000000111111
4932,4118,4102,4109,4096,4083,4089,4096,0000000000111111
4957,4119,4106,4109,4096,4089,4086,4096,0000000000111111
4980,4122,4101,4104,4096,4082,4085,4096,0000000000111111
5003,4125,4098,4100,4096,4077,4088,4096,0000000000111111
5028,4127,4104,4103,4096,4078,4083,4096,0000000000111111
5049,4132,4104,4103,4095,4084,4093,4096,0000000000111111
5073,4137,4103,4103,4096,4081,4093,4096,0000000000111111
5096,4142,4099,4100,4096,4086,4089,4096,0000000000111111
5116,4143,4097,4099,4096,4085,4092,4096,0000000000111111
5138,4146,4106,4100,4096,4075,4093,4096,0000000000111111
5163,4153,4105,4107,4096,4087,4080,4096,0000000000111111
5185,4159,4103,4107,4096,4086,4095,4096,0000000000111111
5207,4165,4102,4098,4096,4084,4093,4096,0000000000111111
5223,4165,4099,4093,4096,4080,4097,4096,0000000000111111
5240,4166,4103,4104,4095,4084,4099,4096,0000000000111111
5256,4172,4102,4110,4096,4077,4095,4096,0000000000111111
5272,4178,4104,4107,4096,4087,4093,4096,0000000000111111
5287,4181,4099,4112,4096,4083,4096,4096,0000000000111111
5304,4182,4104,4106,4096,4086,4098,4096,0000000000111111
5323,4183,4111,4112,4096,4080,4093,4096,0000000000111111
5340,4191,4107,4100,4096,4080,4102,4096,0000000000111111
5359,4201,4105,4107,4096,4081,4092,4096,0000000000111111
5378,4206,4110,4105,4096,4073,4100,4096,0000000000111111
5396,4211,4096,4105,4096,4084,4093,4096,0000000000111111
5413,4216,4105,4103,4096,4085,4092,4096,0000000000111111
5431,4221,4104,4106,4096,4087,4090,4096,0000000000111111
5452,4236,4107,4114,4096,4088,4093,4096,0000000000111111
5472,4248,4106,4104,4096,4089,4097,4096,0000000000111111
5491,4249,4106,4106,4096,4091,4100,4096,0000000000111111
5507,4250,4096,4106,4096,4090,4095,4096,0000000000111111
5526,4261,4109,4100,4096,4084,4096,4096,0000000000111111
5544,4276,4101,4111,4096,4091,4099,4096,0000000000111111
5563,4288,4106,4111,4096,4086,4099,4096,0000000000111111
5583,4295,4106,4094,4096,4093,4091,4096,0000000000111111
5597,4295,4099,4095,4096,4091,4109,4096,0000000000111111
5616,4305,4103,4099,4096,4091,4099,4096,0000000000111111
5636,4317,4102,4093,4095,4086,4093,4096,0000000000111111
5656,4330,4105,4104,4096,4085,4083,4096,0000000000111111
5676,4344,4094,4099,4096,4081,4089,4096,0000000000111111
5697,4356,4106,4106,4096,4080,4095,4096,0000000000111111
5713,4370,4101,4101,4096,4080,4086,4096,0000000000111111
5733,4386,4106,4096,4095,4087,4098,4096,0000000000111111
5753,4406,4107,4103,4096,4086,4100,4096,0000000000111111
5774,4421,4106,4106,4095,4085,4083,4096,0000000000111111
5796,4432,4109,4107,4096,4086,4104,4096,0000000000111111
5818,4441,4105,4098,4096,4092,4096,4096,0000000000111111
5841,4457,4098,4097,4095,4078,4086,4096,0000000000111111
5862,4470,4101,4110,4095,4087,4093,4096,0000000000111111
5882,4479,4106,4093,4095,4085,4096,4096,0000000000111111
5900,4493,4103,4095,4095,4080,4093,4096,0000000000111111
5918,4506,4101,4105,4095,4082,4092,4096,0000000000111111
5937,4519,4105,4098,4095,4079,4093,4096,0000000000111111
5954,4535,4090,4093,4096,4089,4095,4096,0000000000111111
5972,4546,4099,4101,4096,4093,4090,4096,0000000000111111
5986,4558,4100,4106,4095,4086,4086,4096,0000000000111111
6004,4572,4101,4103,4096,4088,4092,4096,0000000000111111
6019,4588,4107,4100,4096,4086,4097,4096,0000000000111111
6034,4602,4102,4098,4096,4083,4093,4096,0000000000111111
6049,4612,4102,4105,4096,4086,4088,4096,0000000000111111
6065,4621,4105,4102,4096,4089,4076,4096,0000000000111111
6079,4630,4106,4099,4096,4089,4093,4096,0000000000111111
6093,4646,4105,4107,4096,4086,4092,4096,0000000000111111
6109,4659,4098,4103,4096,4091,4090,4096,0000000000111111
6124,4667,4095,4099,4096,4094,4093,4096,0000000000111111
6138,4680,4103,4099,4096,4087,4095,4096,0000000000111111
6153,4691,4102,4102,4096,4079,4087,4096,0000000000111111
6170,4703,4098,4106,4096,4090,4078,4096,0000000000111111
6186,4710,4098,4102,4096,4083,4100,4096,0000000000111111
6200,4716,4098,4099,4096,4089,4089,4096,0000000000111111
6213,4723,4103,4102,4096,4089,4095,4096,0000000000111111
6226,4732,4101,4106,4096,4090,4093,4096,0000000000111111
6240,4742,4094,4100,4096,4092,4077,4096,0000000000111111
6253,4751,4105,4103,4096,4089,4099,4096,0000000000111111
6264,4755,4102,4099,4096,4089,4097,4096,0000000000111111
6276,4759,4102,4093,4096,4091,4094,4096,0000000000111111
6287,4768,4106,4103,4096,4088,4090,4096,0000000000111111
6297,4781,4099,4099,4096,4088,4087,4096,0000000000111111
6309,4790,4107,4096,4096,4089,4094,4096,0000000000111111
6322,4795,4099,4099,4095,4090,4094,4096,0000000000111111
6333,4804,4102,4100,4096,4090,4093,4096,0000000000111111
6339,4820,4103,4101,4096,4089,4095,4096,0000000000111111
6350,4834,4106,4103,4096,4080,4095,4096,0000000000111111
6363,4840,4108,4096,4096,4082,4097,4096,0000000000111111
6375,4844,4104,4101,4096,4095,4099,4096,0000000000111111
6385,4852,4104,4099,4095,4093,4094,4096,0000000000111111
6392,4859,4108,4106,4096,4091,4089,4096,0000000000111111
6398,4866,4112,4102,4096,4092,4098,4096,0000000000111111
6403,4873,4108,4101,4096,4093,4093,4096,0000000000111111
6409,4875,4103,4096,4096,4087,4097,4096,0000000000111111
6412,4878,4111,4098,4096,4085,4093,4096,0000000000111111
6414,4885,4105,4093,4096,4083,4098,4096,0000000000111111
6415,4892,4102,4102,4096,4083,4099,4096,0000000000111111
6417,4895,4098,4099,4096,4078,4097,4096,0000000000111111
6419,4896,4103,4106,4096,4088,4096,4096,0000000000111111
6421,4900,4100,4099,4096,4089,4099,4096,0000000000111111
6421,4910,4102,4100,4096,4081,4088,4096,0000000000111111
6425,4919,4099,4095,4096,4080,4098,4096,0000000000111111
6430,4921,4100,4102,4096,4087,4095,4096,0000000000111111
6433,4925,4099,4102,4096,4090,4093,4096,0000000000111111
6436,4932,4102,4099,4096,4090,4099,4096,0000000000111111
6438,4939,4098,4089,4096,4089,4097,4096,0000000000111111
6440,4952,4099,4089,4096,4089,4098,4096,0000000000111111
6443,4958,4097,4098,4095,4099,4091,4096,0000000000111111
6448,4963,4095,4099,4096,4093,4095,4096,0000000000111111
6454,4970,4097,4106,4096,4096,4089,4096,0000000000111111
6457,4974,4101,4100,4096,4090,4089,4096,0000000000111111
6459,4981,4103,4100,4095,4097,4091,4096,0000000000111111
6461,4983,4102,4099,4096,4097,4088,4096,0000000000111111
6464,4984,4099,4098,4096,4091,4095,4096,0000000000111111
6464,4987,4096,4097,4096,4094,4094,4096,0000000000111111
6463,4991,4108,4099,4096,4093,4080,4096,0000000000111111
6462,4996,4106,4096,4096,4089,4097,4096,0000000000111111
6461,5002,4098,4101,4096,4093,4095,4096,0000000000111111
6461,5009,4102,4104,4096,4098,4081,4096,0000000000111111
6463,5020,4099,4103,4096,4098,4104,4096,0000000000111111
6464,5032,4106,4093,4096,4092,4096,4096,0000000000111111
6466,5043,4097,4102,4096,4096,4099,4096,0000000000111111
6468,5049,4100,4099,4096,4094,4096,4096,0000000000111111
6471,5052,4101,4098,4096,4096,4096,4096,0000000000111111
6472,5057,4101,4099,4096,4093,4097,4096,0000000000111111
6473,5063,4105,4099,4096,4098,4093,4096,0000000000111111
6472,5063,4098,4095,4096,4096,4094,4096,0000000000111111
6470,5062,4104,4096,4096,4095,4096,4096,0000000000111111
6470,5062,4103,4098,4096,4098,4090,4096,0000000000111111
6471,5063,4099,4099,4096,4099,4093,4096,0000000000111111
6472,5068,4102,4096,4096,4099,4097,4096,0000000000111111
6470,5070,4100,4098,4096,4091,4093,4096,0000000000111111
6468,5068,4095,4104,4096,4096,4076,4096,0000000000111111
6467,5068,4099,4102,4096,4103,4095,4096,0000000000111111
6465,5073,4105,4101,4096,4095,4093,4096,0000000000111111
6463,5078,4103,4094,4096,4093,4093,4096,0000000000111111
6461,5081,4101,4104,4096,4097,4092,4096,0000000000111111
6464,5078,4099,4101,4096,4099,4080,4096,0000000000111111
6459,5076,4102,4098,4096,4093,4095,4096,0000000000111111
6457,5077,4100,4102,4096,4092,4098,4096,0000000000111111
6456,5081,4097,4097,4096,4099,4095,4096,0000000000111111
6454,5081,4106,4108,4096,4093,4093,4096,0000000000111111
6452,5077,4102,4106,4096,4105,4093,4096,0000000000111111
6453,5076,4106,4095,4096,4094,4094,4096,0000000000111111
6455,5078,4098,4102,4096,4095,4091,4096,0000000000111111
6456,5083,4102,4105,4096,4093,4096,4096,0000000000111111
6455,5083,4099,4102,4096,4090,4093,4096,0000000000111111
6454,5079,4098,4104,4096,4093,4096,4096,0000000000111111
6452,5078,4100,4096,4096,4096,4098,4096,0000000000111111
6452,5078,4093,4098,4096,4087,4101,4096,0000000000111111
6454,5081,4101,4095,4096,4090,4096,4096,0000000000111111
6454,5081,4103,4103,4096,4084,4089,4096,0000000000111111
6453,5076,4101,4097,4096,4095,4093,4096,0000000000111111
6450,5074,4099,4099,4096,4098,4102,4096,0000000000111111
6448,5075,4114,4099,4096,4092,4086,4096,0000000000111111
6447,5077,4112,4094,4096,4090,4096,4096,0000000000111111
6446,5076,4101,4101,4096,4086,4095,4096,0000000000111111
6447,5073,4103,4108,4096,4100,4103,4096,0000000000111111
6448,5073,4098,4096,4096,4094,4102,4096,0000000000111111
6450,5076,4102,4097,4096,4093,4095,4096,0000000000111111
6451,5078,4099,4095,4096,4093,4101,4096,0000000000111111
6449,5079,4099,4091,4096,4095,4098,4096,0000000000111111
6449,5076,4100,4099,4096,4093,4100,4096,0000000000111111
6450,5075,4086,4103,4096,4096,4100,4096,0000000000111111
6452,5077,4100,4102,4096,4095,4103,4096,0000000000111111
6452,5080,4098,4095,4096,4080,4092,4096,0000000000111111
6451,5080,4106,4096,4096,4088,4096,4096,0000000000111111
6449,5076,4097,4100,4096,4097,4099,4096,0000000000111111
6449,5076,4105,4099,4096,4095,4100,4096,0000000000111111
6450,5080,4099,4102,4096,4094,4094,4096,0000000000111111
6450,5082,4103,4099,4096,4092,4099,4096,0000000000111111
6450,5082,4103,4105,4096,4093,4098,4096,0000000000111111
6449,5078,4099,4115,4096,4093,4098,4096,0000000000111111
6449,5078,4098,4099,4096,4094,4098,4096,0000000000111111
6448,5081,4101,4097,4096,4092,4102,4096,0000000000111111
6448,5083,4105,4093,4096,4099,4099,4096,0000000000111111
6448,5083,4101,4092,4096,4099,4099,4096,0000000000111111
6448,5078,4102,4097,4096,4094,4091,4096,0000000000111111
6448,5077,4104,4099,4096,4091,4093,4096,0000000000111111
6447,5080,4111,4096,4096,4092,4099,4096,0000000000111111
6448,5082,4112,4099,4096,4082,4098,4096,0000000000111111
6448,5081,4104,4095,4095,4090,4098,4096,0000000000111111
6446,5077,4106,4097,4096,4093,4088,4096,0000000000111111
6447,5078,4103,4099,4096,4086,4092,4096,0000000000111111
6448,5083,4112,4099,4096,4083,4098,4096,0000000000111111
6448,5084,4106,4090,4096,4087,4096,4096,0000000000111111
6448,5083,4112,4097,4096,4087,4094,4096,0000000000111111
6446,5079,4098,4107,4096,4086,4096,4096,0000000000111111
6445,5079,4099,4099,4096,4087,4093,4096,0000000000111111
6445,5083,4103,4093,4096,4093,4086,4096,0000000000111111
6447,5085,4099,4095,4096,4090,4086,4096,0000000000111111
6447,5084,4115,4099,4095,4090,4086,4096,0000000000111111
6448,5081,4106,4099,4096,4088,4086,4096,0000000000111111
6448,5083,4099,4098,4096,4096,4090,4096,0000000000111111
6448,5085,4106,4103,4096,4088,4086,4096,0000000000111111
6448,5088,4106,4099,4096,4088,4093,4096,0000000000111111
6448,5086,4105,4093,4096,4092,4086,4096,0000000000111111
6447,5081,4103,4101,4096,4089,4092,4096,0000000000111111
6448,5083,4106,4094,4096,4091,4089,4096,0000000000111111
6448,5086,4111,4098,4096,4093,4080,4096,0000000000111111
6449,5088,4102,4097,4096,4091,4091,4096,0000000000111111
6448,5085,4097,4097,4096,4094,4083,4096,0000000000111111
6447,5083,4098,4099,4096,4093,4073,4096,0000000000111111
6448,5083,4099,4099,4096,4089,4100,4096,0000000000111111
6448,5085,4105,4098,4096,4083,4099,4096,0000000000111111
6448,5087,4106,4101,4095,4093,4099,4096,0000000000111111
6447,5083,4111,4099,4096,4089,4098,4096,0000000000111111
6439,5077,4109,4102,4096,4093,4096,4096,0000000000111111
6438,5078,4108,4101,4096,4093,4094,4096,0000000000111111
6445,5082,4108,4099,4095,4093,4096,4096,0000000000111111
6446,5083,4112,4099,4096,4093,4091,4096,0000000000111111
6445,5081,4107,4099,4096,4089,4098,4096,0000000000111111
6447,5077,4101,4100,4096,4092,4097,4096,0000000000111111
6445,5078,4109,4106,4096,4082,4091,4096,0000000000111111
6446,5082,4103,4098,4096,4086,4093,4096,0000000000111111
6447,5082,4108,4100,4096,4085,4090,4096,0000000000111111
6447,5078,4105,4102,4096,4089,4093,4096,0000000000111111
6448,5075,4108,4100,4096,4086,4078,4096,0000000000111111
6448,5075,4104,4099,4096,4089,4093,4096,0000000000111111
6448,5076,4103,4098,4096,4092,4073,4096,0000000000111111
6447,5077,4106,4098,4096,4089,4090,4096,0000000000111111
6448,5073,4117,4094,4096,4089,4090,4096,0000000000111111
6448,5070,4108,4102,4096,4093,4096,4096,0000000000111111
6447,5070,4105,4108,4096,4089,4093,4096,0000000000111111
6445,5072,4104,4100,4096,4095,4073,4096,0000000000111111
6444,5073,4111,4104,4096,4084,4097,4096,0000000000111111
6444,5070,4102,4092,4096,4089,4088,4096,0000000000111111
6444,5069,4103,4099,4096,4090,4089,4096,0000000000111111
6444,5069,4099,4100,4096,4092,4091,4096,0000000000111111
6445,5072,4111,4099,4096,4092,4084,4096,0000000000111111
6446,5073,4108,4104,4096,4087,4080,4096,0000000000111111
6446,5070,4110,4099,4096,4088,4087,4096,0000000000111111
6444,5070,4103,4092,4096,4089,4090,4096,0000000000111111
6443,5071,4106,4100,4096,4090,4087,4096,0000000000111111
6443,5073,4111,4103,4096,4096,4087,4096,0000000000111111
6442,5074,4102,4101,4096,4083,4095,4096,0000000000111111
6443,5071,4106,4105,4096,4086,4087,4096,0000000000111111
6442,5070,4103,4100,4096,4093,4082,4096,0000000000111111
6442,5074,4107,4102,4096,4099,4091,4096,0000000000111111
6441,5076,4106,4103,4096,4088,4093,4096,0000000000111111
6435,5076,4109,4097,4096,4086,4096,4096,0000000000111111
6437,5073,4095,4097,4096,4089,4096,4096,0000000000111111
6436,5072,4104,4097,4096,4088,4093,4096,0000000000111111
6435,5074,4105,4102,4096,4095,4095,4096,0000000000111111
6435,5077,4103,4099,4096,4092,4087,4096,0000000000111111
6435,5076,4104,4100,4096,4093,4093,4096,0000000000111111
6435,5074,4103,4101,4096,4090,4092,4096,0000000000111111
6437,5075,4097,4099,4096,4086,4093,4096,0000000000111111
6437,5076,4110,4092,4096,4086,4094,4096,0000000000111111
6437,5079,4105,4093,4096,4090,4091,4096,0000000000111111
6436,5078,4104,4099,4096,4089,4089,4096,0000000000111111
6437,5074,4109,4094,4096,4086,4083,4096,0000000000111111
6436,5073,4105,4098,4096,4086,4092,4096,0000000000111111
6435,5075,4099,4093,4096,4089,4095,4096,0000000000111111
6435,5077,4106,4095,4096,4092,4092,4096,0000000000111111
6435,5076,4099,4097,4096,4091,4097,4096,0000000000111111
6435,5073,4104,4099,4096,4098,4087,4096,0000000000111111
6435,5073,4105,4094,4096,4089,4093,4096,0000000000111111
6440,5075,4097,4097,4096,4087,4091,4096,0000000000111111
6441,5077,4105,4097,4096,4086,4089,4096,0000000000111111
6441,5076,4108,4102,4096,4083,4094,4096,0000000000111111
6441,5074,4098,4098,4096,4088,4091,4096,0000000000111111
6442,5073,4109,4103,4096,4085,4088,4096,0000000000111111
6444,5074,4106,4099,4096,4080,4085,4096,0000000000111111
6444,5076,4110,4106,4096,4086,4089,4096,0000000000111111
6446,5073,4106,4095,4095,4087,4080,4096,0000000000111111
6445,5069,4103,4102,4096,4088,4096,4096,0000000000111111
6446,5068,4105,4103,4096,4086,4093,4096,0000000000111111
6447,5068,4100,4098,4096,4095,4088,4096,0000000000111111
6446,5068,4110,4096,4096,4090,4088,4096,0000000000111111
6446,5064,4110,4107,4096,4093,4090,4096,0000000000111111
6445,5060,4109,4101,4096,4095,4093,4096,0000000000111111
6446,5059,4108,4105,4096,4098,4093,4096,0000000000111111
6447,5060,4108,4102,4096,4096,4088,4096,0000000000111111
6450,5059,4111,4097,4096,4093,4075,4096,0000000000111111
6455,5053,4107,4097,4096,4092,4096,4096,0000000000111111
6460,5046,4108,4093,4096,4092,4085,4096,0000000000111111
6464,5044,4104,4095,4096,4087,4091,4096,0000000000111111
6468,5043,4101,4100,4096,4087,4081,4096,0000000000111111
6471,5041,4104,4098,4096,4073,4093,4096,0000000000111111
6474,5037,4105,4104,4096,4090,4093,4096,0000000000111111
6476,5032,4105,4102,4096,4091,4078,4096,0000000000111111
6478,5030,4107,4095,4096,4089,4090,4096,0000000000111111
6481,5031,4108,4103,4096,4086,4096,4096,0000000000111111
6481,5032,4104,4086,4096,4093,4081,4096,0000000000111111
6482,5028,4107,4089,4096,4093,4086,4096,0000000000111111
6481,5024,4096,4094,4096,4084,4082,4096,0000000000111111
6482,5022,4112,4100,4096,4089,4093,4096,0000000000111111
6481,5024,4104,4096,4096,4086,4083,4096,0000000000111111
6481,5022,4097,4106,4096,4087,4092,4096,0000000000111111
6483,5017,4102,4098,4096,4082,4092,4096,0000000000111111
6486,5010,4106,4098,4096,4091,4091,4096,0000000000111111
6492,5006,4100,4093,4096,4094,4090,4096,0000000000111111
6496,5004,4112,4102,4096,4101,4089,4096,0000000000111111
6498,5001,4106,4112,4096,4095,4091,4096,0000000000111111
6501,4994,4107,4100,4096,4086,4090,4097,0000000000111111
6501,4988,4107,4092,4096,4095,4082,4096,0000000000111111
6501,4988,4100,4092,4096,4093,4093,4096,0000000000111111
6501,4989,4102,4092,4096,4094,4091,4096,0000000000111111
6498,4987,4105,4096,4096,4093,4086,4096,0000000000111111
6497,4980,4105,4089,4096,4096,4090,4096,0000000000111111
6497,4974,4106,4091,4096,4102,4091,4096,0000000000111111
6496,4971,4106,4087,4096,4103,4099,4096,0000000000111111
6494,4971,4102,4086,4096,4100,4091,4096,0000000000111111
6491,4966,4106,4093,4096,4097,4092,4096,0000000000111111
6488,4957,4103,4093,4096,4095,4073,4096,0000000000111111
6486,4948,4097,4093,4096,4101,4090,4096,0000000000111111
6484,4942,4103,4083,4096,4097,4090,4096,0000000000111111
6481,4939,4094,4098,4096,4093,4096,4096,0000000000111111
6477,4932,4102,4102,4096,4093,4086,4096,0000000000111111
6472,4919,4102,4097,4096,4099,4091,4096,0000000000111111
6467,4910,4112,4098,4096,4098,4082,4096,0000000000111111
6461,4905,4106,4105,4096,4102,4093,4096,0000000000111111
6456,4899,4106,4101,4096,4100,4093,4096,0000000000111111
6447,4895,4105,4102,4096,4099,4090,4096,0000000000111111
6435,4887,4105,4105,4096,4106,4090,4096,0000000000111111
6426,4881,4109,4105,4096,4099,4098,4096,0000000000111111
6420,4878,4106,4099,4096,4097,4091,4096,0000000000111111
6414,4873,4106,4109,4096,4104,4093,4096,0000000000111111
6407,4869,4101,4100,4096,4100,4086,4096,0000000000111111
6398,4859,4106,4094,4096,4088,4087,4096,0000000000111111
6391,4851,4099,4095,4096,4088,4090,4096,0000000000111111
6387,4849,4106,4095,4096,4090,4077,4096,0000000000111111
6384,4847,4105,4101,4096,4087,4095,4096,0000000000111111
6380,4840,4109,4099,4096,4086,4093,4096,0000000000111111
6371,4828,4101,4098,4096,4086,4089,4096,0000000000111111
6362,4819,4102,4101,4096,4093,4091,4097,0000000000111111
6352,4811,4100,4093,4096,4093,4100,4096,0000000000111111
6342,4803,4105,4092,4096,4093,4094,4096,0000000000111111
6329,4791,4102,4093,4096,4086,4093,4097,0000000000111111
6317,4781,4097,4092,4096,4086,4097,4096,0000000000111111
6307,4773,4106,4092,4096,4087,4093,4096,0000000000111111
6297,4765,4108,4099,4096,4088,4092,4096,0000000000111111
6290,4758,4109,4094,4096,4094,4091,4096,0000000000111111
6279,4751,4114,4086,4096,4093,4098,4096,0000000000111111
6272,4744,4108,4080,4096,4093,4100,4096,0000000000111111
6264,4738,4101,4093,4095,4090,4091,4096,0000000000111111
6255,4735,4105,4085,4096,4091,4098,4096,0000000000111111
6247,4729,4109,4090,4096,4083,4092,4096,0000000000111111
6232,4719,4103,4094,4096,4087,4092,4096,0000000000111111
6220,4709,4106,4095,4096,4092,4086,4096,0000000000111111
6210,4700,4108,4088,4096,4088,4096,4096,0000000000111111
6199,4693,4099,4086,4096,4088,4098,4096,0000000000111111
6188,4684,4098,4086,4096,4086,4095,4096,0000000000111111
6174,4676,4106,4089,4096,4087,4095,4096,0000000000111111
6163,4666,4102,4090,4096,4090,4086,4096,0000000000111111
6150,4656,4105,4096,4096,4097,4093,4096,0000000000111111
6132,4646,4105,4083,4095,4093,4072,4096,0000000000111111
6116,4636,4108,4084,4096,4096,4086,4096,0000000000111111
6100,4625,4106,4087,4096,4093,4095,4096,0000000000111111
6081,4613,4101,4082,4095,4088,4090,4096,0000000000111111
6062,4604,4106,4086,4096,4092,4092,4096,0000000000111111
6044,4596,4109,4087,4096,4092,4090,4096,0000000000111111
6031,4588,4114,4082,4096,4093,4085,4096,0000000000111111
6019,4578,4108,4092,4095,4090,4093,4096,0000000000111111
6005,4566,4112,4086,4095,4090,4095,4096,0000000000111111
5987,4558,4099,4087,4095,4093,4093,4096,0000000000111111
5973,4550,4090,4099,4096,4086,4090,4096,0000000000111111
5959,4540,4103,4086,4095,4089,4092,4096,0000000000111111
5946,4529,4103,4087,4096,4083,4080,4096,0000000000111111
5932,4519,4104,4094,4096,4088,4087,4096,0000000000111111
5916,4511,4101,4090,4096,4097,4081,4096,0000000000111111
5904,4503,4106,4097,4095,4095,4098,4096,0000000000111111
5892,4493,4108,4102,4096,4093,4094,4096,0000000000111111
5879,4480,4105,4099,4095,4092,4096,4096,0000000000111111
