ch0,ch1,ch2,ch3,ch4,ch5,ch6,ch7
4101,4096,4074,4102,4096,4106,4112,4096
4101,4096,4093,4101,4096,4103,4114,4096
4100,4097,4097,4105,4097,4094,4105,4097
4101,4098,4102,4104,4096,4094,4112,4097
4102,4098,4086,4102,4096,4094,4102,4097
4101,4097,4080,4103,4096,4099,4107,4097
4101,4097,4085,4103,4096,4100,4112,4097
4102,4098,4103,4099,4096,4102,4115,4096
4101,4099,4096,4100,4097,4103,4115,4097
4101,4099,4088,4091,4096,4100,4111,4097
4101,4098,4084,4086,4096,4101,4098,4096
4101,4099,4088,4090,4096,4103,4099,4097
4102,4099,4095,4094,4096,4104,4110,4097
4101,4099,4094,4093,4096,4105,4102,4097
4102,4099,4081,4093,4096,4102,4112,4097
4101,4098,4085,4089,4096,4105,4112,4097
4101,4098,4084,4096,4097,4097,4107,4097
4100,4099,4099,4099,4096,4099,4108,4097
4102,4099,4097,4093,4097,4094,4102,4096
4102,4099,4080,4102,4097,4099,4112,4097
4102,4097,4085,4095,4096,4094,4109,4097
4101,4098,4093,4100,4096,4099,4106,4097
4102,4099,4102,4101,4096,4103,4095,4096
4102,4099,4097,4099,4096,4106,4101,4097
4102,4099,4076,4099,4097,4099,4106,4097
4101,4098,4080,4098,4097,4101,4099,4097
4100,4098,4091,4099,4096,4106,4099,4097
4101,4099,4093,4106,4097,4099,4090,4097
4102,4099,4094,4105,4097,4092,4101,4097
4102,4098,4080,4099,4097,4103,4093,4097
4102,4098,4079,4099,4096,4101,4104,4097
4101,4098,4088,4101,4096,4099,4100,4097
4102,4099,4097,4085,4097,4098,4100,4097
4101,4099,4100,4091,4096,4099,4105,4097
4102,4099,4083,4084,4097,4104,4098,4097
4101,4098,4086,4095,4097,4104,4104,4097
4101,4098,4096,4087,4097,4092,4098,4097
4101,4098,4099,4096,4096,4103,4109,4097
4102,4099,4098,4090,4097,4099,4108,4096
4102,4098,4087,4085,4097,4095,4110,4097
4102,4098,4084,4099,4097,4104,4102,4097
4102,4098,4097,4106,4096,4093,4105,4097
4101,4098,4105,4105,4096,4096,4108,4097
4101,4099,4095,4109,4097,4111,4105,4097
4102,4098,4080,4106,4097,4099,4106,4097
4102,4098,4084,4103,4097,4099,4104,4097
4102,4099,4095,4101,4096,4095,4106,4097
4102,4098,4095,4106,4097,4101,4108,4097
4102,4098,4087,4100,4097,4100,4107,4097
4102,4098,4075,4104,4097,4105,4100,4097
4102,4098,4081,4101,4097,4095,4108,4097
4102,4098,4093,4101,4096,4106,4106,4097
4103,4099,4089,4106,4097,4104,4108,4097
4103,4099,4090,4102,4096,4099,4109,4097
4103,4098,4086,4097,4096,4104,4106,4097
4102,4097,4084,4094,4096,4111,4112,4097
4103,4099,4098,4081,4097,4102,4112,4097
4102,4099,4105,4086,4097,4100,4106,4096
4102,4098,4087,4083,4096,4093,4104,4097
4102,4097,4080,4090,4096,4095,4104,4097
4103,4098,4083,4088,4097,4094,4107,4097
4103,4098,4091,4080,4096,4094,4104,4097
4103,4098,4099,4084,4096,4098,4105,4097
4103,4099,4093,4080,4096,4099,4104,4097
4102,4097,4081,4093,4096,4106,4097,4097
4103,4098,4088,4097,4096,4105,4107,4097
4103,4098,4089,4084,4096,4104,4088,4097
4104,4099,4105,4083,4096,4107,4092,4097
4103,4099,4093,4083,4096,4106,4104,4097
4102,4097,4081,4089,4096,4106,4106,4097
4101,4098,4090,4098,4096,4107,4105,4097
4102,4098,4099,4086,4097,4105,4105,4097
4103,4098,4090,4086,4096,4104,4108,4097
4103,4098,4088,4089,4096,4104,4095,4097
4102,4097,4073,4083,4097,4101,4101,4097
4101,4097,4085,4084,4097,4108,4106,4097
4101,4099,4101,4090,4097,4106,4103,4097
4103,4098,4100,4083,4097,4102,4096,4097
4103,4098,4086,4082,4096,4111,4104,4097
4102,4098,4079,4077,4097,4108,4103,4097
4101,4097,4087,4086,4096,4102,4104,4097
4102,4098,4092,4096,4096,4110,4097,4096
4102,4099,4091,4099,4096,4106,4099,4097
4102,4098,4086,4103,4097,4106,4101,4096
4102,4097,4076,4097,4096,4105,4086,4097
4102,4097,4080,4097,4096,4113,4106,4097
4103,4098,4094,4101,4096,4112,4099,4097
4104,4097,4091,4098,4096,4099,4100,4096
4104,4097,4077,4103,4096,4099,4100,4097
4104,4095,4086,4096,4096,4098,4104,4096
4106,4095,4090,4090,4096,4104,4106,4096
4106,4096,4089,4094,4096,4104,4109,4096
4107,4096,4091,4100,4096,4110,4097,4097
4108,4094,4088,4103,4096,4100,4105,4097
4110,4093,4081,4095,4096,4093,4108,4097
4111,4094,4090,4093,4096,4101,4109,4097
4112,4095,4086,4106,4096,4098,4105,4097
4115,4094,4092,4106,4096,4101,4112,4096
4118,4094,4088,4101,4097,4100,4112,4097
4119,4093,4080,4105,4097,4102,4107,4096
4120,4095,4088,4098,4096,4103,4103,4097
4126,4095,4096,4099,4096,4104,4107,4096
4132,4096,4089,4103,4096,4103,4112,4096
4141,4096,4086,4100,4096,4097,4112,4097
4150,4096,4084,4102,4097,4100,4110,4097
4158,4097,4088,4096,4096,4100,4110,4096
4167,4098,4093,4098,4097,4104,4110,4096
4177,4099,4086,4099,4097,4103,4111,4096
4185,4099,4080,4103,4096,4103,4096,4096
4196,4097,4080,4100,4096,4099,4111,4096
4207,4096,4085,4097,4096,4109,4110,4097
4220,4097,4090,4104,4096,4103,4105,4096
4235,4097,4093,4117,4096,4102,4109,4097
4249,4096,4080,4104,4096,4099,4111,4097
4260,4094,4082,4101,4096,4104,4106,4097
4271,4094,4088,4104,4096,4099,4113,4097
4279,4095,4099,4103,4096,4096,4119,4097
4289,4094,4090,4104,4097,4100,4117,4097
4299,4093,4086,4098,4096,4093,4112,4097
4306,4091,4083,4102,4096,4096,4110,4097
4313,4091,4090,4106,4097,4102,4116,4097
4320,4089,4099,4103,4097,4105,4114,4096
4330,4089,4092,4093,4096,4104,4110,4097
4341,4087,4081,4092,4096,4102,4116,4096
4352,4086,4081,4093,4096,4098,4114,4097
4362,4084,4092,4085,4096,4106,4116,4097
4372,4083,4101,4090,4096,4104,4112,4096
4386,4084,4099,4080,4097,4104,4116,4097
4401,4085,4079,4080,4097,4106,4112,4097
4420,4084,4085,4092,4096,4106,4099,4096
4436,4082,4095,4097,4096,4099,4119,4097
4452,4080,4097,4102,4097,4107,4118,4097
4469,4077,4090,4097,4097,4106,4119,4097
4485,4073,4079,4089,4096,4106,4106,4096
4503,4072,4086,4099,4096,4108,4105,4096
4520,4070,4087,4099,4096,4099,4117,4097
4535,4067,4095,4104,4096,4106,4122,4097
4548,4065,4092,4099,4097,4105,4113,4097
4561,4059,4082,4104,4096,4107,4098,4096
4574,4053,4095,4103,4096,4107,4120,4096
4588,4051,4101,4094,4097,4107,4110,4097
4603,4049,4097,4098,4097,4101,4115,4097
4621,4047,4093,4102,4096,4095,4119,4097
4639,4043,4083,4097,4096,4100,4122,4096
4654,4040,4084,4094,4096,4103,4119,4097
4668,4039,4090,4100,4097,4105,4117,4097
4686,4036,4099,4101,4097,4104,4118,4097
4704,4033,4096,4100,4096,4099,4113,4097
4721,4029,4088,4105,4096,4099,4112,4097
4738,4027,4093,4105,4097,4100,4104,4097
4752,4029,4093,4103,4097,4097,4113,4097
4771,4027,4095,4103,4096,4102,4119,4097
4789,4025,4090,4103,4096,4097,4112,4097
4805,4023,4081,4093,4096,4098,4112,4097
4823,4023,4080,4099,4096,4099,4115,4097
4843,4024,4092,4099,4096,4104,4105,4097
4863,4023,4096,4096,4097,4100,4112,4097
4883,4021,4081,4099,4096,4099,4114,4097
4902,4021,4080,4097,4096,4093,4111,4097
4921,4024,4086,4097,4096,4096,4113,4097
4944,4027,4095,4099,4097,4099,4114,4097
4964,4026,4103,4100,4096,4100,4113,4097
4983,4026,4090,4101,4096,4100,4106,4097
5005,4027,4081,4099,4096,4104,4119,4097
5028,4029,4092,4106,4096,4098,4121,4097
5049,4031,4097,4100,4097,4102,4114,4097
5071,4034,4097,4101,4096,4093,4113,4097
5093,4035,4095,4099,4096,4094,4115,4097
5109,4034,4086,4106,4096,4099,4117,4097
5127,4036,4086,4099,4097,4099,4113,4097
5148,4040,4090,4105,4097,4102,4110,4097
5168,4046,4086,4097,4096,4099,4116,4097
5189,4051,4088,4101,4097,4098,4119,4097
5208,4053,4091,4100,4097,4095,4113,4097
5227,4055,4089,4100,4097,4096,4118,4097
5248,4062,4093,4099,4097,4096,4122,4097
5268,4067,4098,4099,4097,4093,4113,4097
5287,4070,4099,4095,4096,4092,4113,4097
5306,4074,4086,4099,4096,4097,4112,4097
5325,4080,4097,4099,4096,4103,4111,4097
5345,4089,4097,4097,4096,4099,4119,4097
5365,4096,4093,4103,4096,4102,4118,4096
5387,4104,4093,4099,4097,4096,4116,4097
5406,4109,4086,4099,4096,4094,4117,4097
5419,4117,4095,4099,4096,4086,4121,4097
5440,4126,4098,4100,4096,4082,4119,4097
5460,4136,4096,4103,4097,4090,4112,4097
5478,4145,4087,4096,4097,4093,4106,4097
5501,4151,4091,4100,4097,4092,4112,4097
5524,4158,4095,4097,4096,4099,4110,4097
5546,4167,4094,4103,4096,4088,4115,4097
5570,4177,4093,4098,4096,4086,4112,4097
5592,4190,4089,4088,4096,4092,4105,4097
5615,4203,4083,4092,4097,4092,4112,4097
5637,4217,4093,4091,4097,4088,4112,4097
5656,4228,4091,4099,4097,4093,4106,4097
5672,4237,4094,4098,4096,4086,4107,4097
5693,4245,4090,4100,4096,4093,4104,4097
5715,4257,4089,4104,4097,4095,4088,4097
5735,4270,4095,4099,4096,4084,4112,4097
5755,4283,4103,4103,4096,4087,4118,4097
5774,4298,4101,4105,4096,4089,4103,4097
5792,4308,4096,4102,4097,4092,4092,4097
5810,4319,4089,4095,4096,4090,4093,4096
5828,4331,4102,4099,4097,4088,4109,4097
5848,4344,4104,4099,4096,4089,4108,4097
5866,4357,4102,4089,4096,4093,4105,4096
5882,4368,4104,4082,4096,4089,4112,4097
5901,4378,4098,4097,4096,4089,4107,4097
5918,4390,4095,4101,4096,4090,4111,4097
5936,4400,4104,4089,4097,4083,4107,4097
5952,4412,4101,4099,4096,4085,4107,4097
5967,4421,4097,4096,4096,4093,4112,4097
5982,4433,4104,4102,4096,4095,4115,4097
5998,4444,4105,4106,4096,4096,4109,4097
6012,4456,4110,4108,4097,4085,4111,4097
6027,4466,4101,4106,4097,4089,4112,4097
6044,4477,4083,4103,4097,4090,4113,4096
6059,4487,4100,4102,4096,4097,4111,4097
6074,4498,4094,4086,4096,4089,4112,4096
6089,4508,4108,4091,4097,4093,4115,4097
6105,4517,4097,4093,4097,4098,4112,4096
6119,4526,4093,4087,4096,4091,4102,4097
6132,4537,4099,4089,4097,4093,4110,4097
6149,4547,4101,4088,4096,4093,4107,4097
6165,4558,4093,4093,4096,4093,4112,4097
6182,4569,4089,4090,4096,4099,4109,4097
6195,4582,4084,4102,4097,4090,4112,4097
6207,4597,4090,4097,4096,4089,4109,4097
6222,4615,4093,4091,4096,4091,4109,4096
6243,4628,4099,4089,4096,4086,4110,4097
6260,4640,4098,4092,4096,4091,4112,4097
6273,4650,4087,4086,4097,4090,4104,4097
6282,4659,4096,4090,4096,4088,4113,4096
6293,4670,4101,4096,4096,4092,4114,4097
6304,4681,4105,4101,4096,4090,4108,4096
6314,4690,4096,4106,4096,4089,4112,4097
6321,4698,4089,4097,4096,4083,4112,4097
6327,4707,4094,4096,4096,4083,4107,4097
6334,4716,4097,4101,4096,4085,4112,4096
6342,4725,4091,4106,4096,4091,4113,4097
6347,4733,4092,4098,4096,4098,4107,4097
6350,4741,4081,4098,4096,4089,4112,4096
6353,4748,4086,4099,4097,4085,4107,4097
6358,4757,4095,4103,4096,4089,4120,4097
6364,4767,4095,4099,4096,4091,4107,4096
6370,4775,4087,4097,4096,4093,4113,4096
6374,4781,4083,4098,4097,4084,4112,4096
6375,4792,4081,4088,4096,4089,4112,4096
6377,4801,4089,4090,4096,4093,4103,4097
6380,4809,4104,4090,4096,4091,4114,4097
6384,4816,4091,4091,4096,4092,4116,4096
6387,4825,4084,4093,4097,4087,4106,4097
6394,4834,4094,4089,4096,4102,4116,4097
6404,4842,4102,4085,4097,4097,4109,4096
6412,4851,4103,4100,4097,4098,4115,4097
6418,4860,4087,4095,4096,4093,4117,4097
6423,4870,4083,4086,4096,4092,4107,4097
6427,4882,4090,4086,4097,4098,4108,4097
6431,4893,4104,4093,4096,4091,4112,4097
6435,4900,4097,4093,4096,4098,4106,4097
6438,4905,4095,4084,4096,4098,4108,4096
6440,4907,4086,4084,4096,4097,4117,4097
6441,4910,4094,4086,4096,4102,4115,4096
6442,4914,4094,4096,4096,4099,4114,4097
6442,4918,4090,4080,4097,4099,4108,4097
6441,4920,4086,4089,4097,4102,4116,4096
6437,4925,4083,4085,4097,4102,4107,4097
6435,4930,4096,4091,4097,4098,4114,4097
6436,4935,4096,4094,4096,4102,4115,4097
6435,4939,4093,4099,4096,4099,4110,4097
6434,4941,4084,4093,4096,4096,4111,4097
6431,4944,4084,4091,4097,4096,4112,4097
6428,4945,4088,4091,4096,4105,4120,4097
6424,4948,4094,4094,4096,4101,4103,4097
6422,4953,4092,4086,4096,4098,4104,4097
6420,4955,4081,4097,4097,4101,4112,4097
6416,4957,4084,4105,4097,4099,4112,4097
6413,4961,4099,4104,4096,4101,4111,4096
6412,4966,4104,4107,4096,4097,4112,4097
6408,4973,4093,4105,4096,4096,4108,4096
6401,4980,4083,4098,4096,4094,4110,4097
6390,4987,4084,4094,4096,4093,4105,4096
6382,4995,4098,4106,4096,4101,4112,4097
6381,4998,4098,4112,4096,4099,4110,4097
6380,5002,4101,4099,4097,4099,4115,4097
6382,4999,4080,4106,4096,4100,4113,4097
6382,4998,4086,4094,4097,4099,4114,4097
6382,4998,4099,4097,4096,4099,4112,4097
6382,5000,4097,4094,4097,4102,4105,4097
6383,5000,4087,4099,4096,4104,4117,4096
6383,4998,4084,4093,4096,4101,4110,4097
6382,4999,4092,4097,4096,4105,4111,4097
6382,5000,4094,4103,4097,4105,4115,4097
6383,5002,4093,4100,4097,4102,4112,4096
6385,5003,4088,4090,4096,4101,4119,4097
6384,5002,4076,4102,4096,4103,4106,4096
6384,5002,4084,4112,4097,4105,4110,4097
6383,5004,4097,4110,4096,4105,4112,4097
6382,5005,4095,4105,4096,4102,4114,4097
6382,5005,4085,4112,4097,4102,4114,4097
6382,5004,4075,4101,4097,4095,4115,4096
6382,5003,4086,4100,4096,4105,4114,4096
6384,5002,4086,4107,4096,4100,4112,4097
6387,5002,4098,4100,4096,4105,4116,4096
6386,5001,4089,4100,4097,4105,4112,4097
6385,5001,4080,4109,4097,4103,4112,4097
6383,5001,4091,4108,4097,4106,4111,4096
6384,5002,4094,4099,4097,4100,4116,4097
6385,5003,4096,4104,4096,4093,4110,4097
6386,5002,4088,4106,4096,4102,4106,4097
6386,5002,4079,4095,4096,4099,4112,4096
6385,5002,4081,4104,4097,4091,4119,4097
6386,5002,4089,4105,4097,4100,4103,4097
6386,5004,4088,4100,4096,4090,4112,4097
6386,5003,4081,4099,4097,4099,4101,4097
6385,5003,4086,4097,4097,4100,4108,4097
6385,5002,4090,4081,4096,4094,4113,4097
6385,5003,4093,4080,4096,4101,4108,4097
6385,5004,4087,4096,4096,4103,4112,4096
6387,5002,4082,4094,4096,4101,4110,4097
6385,5000,4086,4087,4096,4096,4113,4097
6383,5001,4091,4097,4096,4093,4110,4096
6382,5002,4097,4093,4096,4099,4115,4096
6384,5001,4099,4099,4096,4100,4099,4097
6385,4999,4078,4108,4096,4104,4113,4097
6384,4998,4083,4113,4096,4106,4120,4096
6382,4998,4092,4117,4096,4101,4115,4096
6383,4998,4090,4104,4096,4107,4113,4097
6385,4998,4096,4121,4096,4100,4114,4097
6385,4998,4088,4116,4096,4099,4116,4096
6383,4995,4076,4105,4096,4106,4104,4097
6384,4994,4091,4112,4096,4106,4115,4096
6386,4995,4092,4108,4096,4108,4118,4097
6387,4996,4094,4102,4096,4095,4106,4096
6388,4993,4086,4096,4096,4099,4118,4097
6386,4993,4078,4089,4096,4099,4112,4097
6387,4993,4092,4093,4096,4096,4112,4097
6388,4993,4097,4105,4096,4092,4114,4097
6388,4994,4101,4103,4096,4100,4112,4097
6389,4991,4089,4099,4096,4094,4112,4097
6388,4991,4083,4090,4096,4095,4116,4097
6387,4992,4086,4100,4096,4103,4119,4097
6387,4992,4093,4098,4096,4092,4111,4097
6388,4992,4093,4096,4096,4095,4116,4097
6389,4991,4080,4096,4096,4099,4112,4097
6387,4991,4081,4094,4096,4096,4116,4097
6387,4993,4088,4095,4097,4102,4114,4097
6387,4994,4088,4100,4097,4096,4119,4097
6387,4994,4097,4104,4097,4098,4112,4097
6388,4992,4086,4106,4097,4092,4119,4097
6386,4992,4080,4097,4096,4096,4115,4097
6382,4994,4088,4106,4096,4099,4112,4097
6381,4992,4093,4101,4096,4099,4113,4097
6385,4993,4084,4101,4097,4099,4117,4097
6385,4993,4075,4104,4096,4100,4112,4097
6384,4991,4081,4101,4096,4101,4115,4097
6384,4993,4086,4103,4097,4096,4114,4097
6385,4994,4093,4103,4096,4103,4116,4097
6386,4994,4087,4102,4096,4103,4119,4097
6387,4993,4083,4106,4096,4098,4117,4097
6384,4992,4086,4099,4096,4093,4110,4097
6385,4994,4091,4105,4097,4094,4112,4096
6386,4994,4093,4108,4097,4099,4115,4097
6388,4994,4085,4106,4096,4093,4110,4097
6387,4994,4080,4107,4096,4104,4114,4097
6386,4993,4086,4120,4097,4098,4099,4097
6386,4993,4095,4117,4096,4096,4104,4097
6386,4993,4096,4116,4096,4100,4112,4097
6388,4992,4093,4116,4096,4101,4109,4097
6388,4991,4078,4108,4096,4099,4113,4097
6386,4991,4086,4109,4097,4099,4113,4097
6386,4991,4093,4113,4097,4098,4111,4097
6387,4991,4099,4106,4097,4088,4108,4097
6387,4991,4089,4109,4096,4090,4101,4097
6388,4990,4080,4105,4096,4096,4109,4097
6385,4990,4089,4109,4096,4098,4113,4097
6385,4990,4090,4107,4096,4091,4109,4097
6386,4990,4086,4103,4097,4098,4111,4097
6387,4990,4089,4104,4096,4096,4113,4097
6386,4987,4085,4101,4096,4093,4108,4097
6383,4984,4091,4102,4096,4095,4106,4097
6383,4984,4086,4098,4096,4093,4109,4096
6384,4984,4098,4103,4096,4090,4112,4097
6385,4982,4093,4110,4096,4094,4099,4097
6384,4979,4088,4100,4097,4093,4104,4097
6383,4976,4089,4106,4097,4099,4112,4097
6384,4974,4092,4105,4096,4093,4106,4097
6383,4972,4092,4106,4097,4097,4109,4097
6382,4971,4073,4111,4097,4092,4110,4097
6380,4968,4082,4106,4097,4094,4107,4097
6373,4965,4088,4112,4096,4094,4111,4097
6374,4962,4096,4110,4097,4101,4111,4097
6375,4959,4093,4108,4096,4099,4106,4096
6374,4956,4093,4108,4096,4101,4107,4096
6371,4951,4084,4113,4097,4099,4112,4097
6370,4945,4087,4117,4096,4102,4111,4097
6378,4939,4092,4112,4097,4103,4116,4097
6379,4932,4087,4113,4097,4100,4111,4097
6381,4924,4090,4112,4097,4098,4113,4096
6376,4912,4084,4115,4097,4096,4112,4097
6386,4902,4093,4110,4097,4094,4099,4097
6390,4891,4096,4107,4097,4110,4111,4097
6390,4880,4094,4107,4097,4099,4111,4097
6388,4868,4087,4114,4097,4098,4115,4097
6380,4860,4085,4122,4097,4105,4114,4097
6373,4854,4089,4122,4096,4106,4110,4097
6369,4847,4095,4106,4096,4096,4112,4097
6365,4841,4093,4105,4096,4095,4112,4097
6358,4834,4080,4113,4097,4099,4113,4097
6351,4825,4084,4109,4097,4100,4107,4097
6347,4815,4082,4107,4097,4099,4110,4097
6343,4807,4095,4112,4096,4106,4105,4097
6339,4801,4095,4113,4096,4099,4112,4097
6331,4792,4085,4109,4097,4099,4108,4097
6323,4783,4082,4108,4097,4098,4117,4097
6316,4778,4084,4114,4097,4098,4106,4097
6313,4771,4093,4112,4097,4103,4104,4097
6308,4766,4097,4112,4097,4105,4106,4097
6300,4755,4087,4111,4096,4094,4114,4097
6290,4747,4084,4114,4096,4088,4105,4097
6281,4742,4091,4113,4097,4095,4112,4097
6274,4735,4093,4112,4096,4092,4111,4097
6267,4724,4094,4117,4096,4099,4113,4096
6257,4711,4092,4107,4097,4095,4109,4097
6243,4702,4087,4114,4097,4099,4107,4097
6230,4690,4096,4110,4097,4094,4108,4097
6215,4676,4086,4104,4096,4097,4104,4097
6195,4663,4096,4118,4096,4087,4113,4097
6172,4643,4086,4117,4096,4093,4107,4097
6150,4624,4089,4111,4096,4097,4099,4097
6127,4609,4094,4115,4096,4101,4110,4097
6111,4593,4097,4115,4096,4101,4113,4097
6092,4580,4093,4116,4097,4102,4116,4097
6071,4565,4088,4115,4096,4104,4110,4097
6048,4552,4090,4117,4096,4106,4115,4097
6030,4541,4093,4117,4097,4104,4116,4097
6018,4530,4099,4113,4096,4107,4112,4097
6001,4520,4096,4114,4096,4107,4116,4097
5986,4509,4082,4111,4097,4104,4111,4097
5974,4499,4085,4112,4096,4100,4108,4097
5962,4492,4099,4112,4096,4111,4112,4097
5951,4483,4092,4112,4097,4106,4112,4096
5940,4474,4090,4115,4097,4100,4111,4097
5927,4463,4086,4111,4097,4105,4113,4097
5913,4455,4090,4107,4096,4105,4112,4097
5902,4449,4086,4111,4097,4099,4112,4097
5890,4445,4092,4107,4097,4093,4112,4097
5878,4435,4089,4117,4097,4102,4105,4097
5867,4426,4083,4109,4096,4104,4104,4097
5851,4416,4084,4119,4097,4105,4107,4097
5834,4407,4093,4120,4096,4103,4108,4096
5811,4395,4095,4113,4097,4107,4106,4097
5790,4376,4090,4120,4097,4107,4106,4097
5767,4353,4081,4118,4096,4105,4111,4096
5732,4333,4081,4111,4097,4102,4108,4097
5688,4323,4086,4112,4096,4100,4110,4097
5647,4307,4086,4112,4096,4105,4107,4097
5614,4284,4081,4108,4097,4095,4104,4097
5582,4257,4084,4109,4097,4100,4104,4097
5546,4234,4092,4111,4096,4101,4111,4097
5511,4229,4092,4106,4096,4111,4112,4097
5482,4225,4088,4109,4096,4106,4106,4097
5459,4212,4086,4117,4096,4101,4105,4097
5437,4199,4081,4115,4096,4101,4114,4097
5410,4189,4090,4111,4097,4106,4111,4097
5384,4183,4090,4109,4096,4100,4110,4097
5358,4169,4093,4113,4097,4106,4112,4097
5330,4150,4086,4105,4096,4108,4106,4096
5301,4141,4090,4107,4097,4102,4102,4097
5277,4141,4090,4098,4096,4107,4112,4097
5254,4132,4095,4116,4096,4107,4114,4097
5233,4117,4088,4115,4096,4107,4111,4097
5208,4106,4083,4115,4097,4106,4116,4097
5186,4100,4080,4112,4096,4101,4099,4097
5169,4100,4092,4113,4097,4106,4111,4097
5146,4091,4087,4110,4097,4102,4109,4097
5122,4079,4096,4111,4096,4103,4112,4097
5097,4076,4087,4109,4097,4108,4112,4096
5069,4078,4088,4113,4096,4101,4097,4096
5044,4075,4090,4110,4096,4095,4115,4097
5022,4066,4091,4118,4096,4094,4115,4097
4994,4065,4098,4115,4097,4108,4111,4097
4970,4067,4089,4110,4096,4104,4109,4097
4948,4068,4087,4119,4096,4106,4111,4096
4926,4062,4091,4118,4097,4104,4110,4097
4903,4058,4099,4113,4096,4098,4111,4096
4879,4063,4089,4115,4096,4106,4111,4097
4854,4065,4086,4116,4097,4111,4109,4097
4830,4057,4086,4112,4096,4108,4109,4097
4805,4052,4093,4116,4097,4108,4108,4097
4780,4056,4094,4115,4097,4106,4110,4097
4754,4062,4096,4110,4096,4106,4109,4097
4729,4061,4078,4115,4096,4110,4112,4097
4704,4058,4086,4111,4097,4108,4106,4097
4680,4058,4089,4105,4097,4106,4109,4097
4660,4064,4091,4109,4096,4110,4110,4097
4641,4069,4097,4107,4096,4111,4112,4097
4624,4069,4080,4103,4097,4105,4108,4097
4606,4069,4074,4100,4096,4112,4113,4097
4588,4073,4083,4111,4097,4105,4106,4097
4573,4080,4078,4116,4097,4110,4112,4097
4556,4084,4095,4116,4097,4108,4111,4097
4538,4085,4086,4106,4097,4105,4117,4097
4519,4086,4080,4107,4097,4102,4112,4097
4499,4088,4088,4111,4096,4103,4107,4097
4481,4093,4097,4115,4096,4103,4109,4097
4462,4096,4090,4111,4097,4110,4112,4096
4445,4096,4090,4106,4096,4108,4113,4096
4427,4096,4085,4115,4097,4109,4109,4097
4413,4097,4096,4112,4096,4106,4108,4097
4399,4100,4105,4114,4096,4110,4112,4096
4389,4104,4096,4110,4097,4110,4117,4097
4377,4104,4091,4109,4096,4108,4115,4097
4365,4102,4091,4111,4097,4111,4114,4096
4350,4103,4094,4107,4096,4110,4112,4096
4333,4103,4106,4110,4096,4108,4101,4096
4315,4105,4098,4109,4096,4112,4105,4097
4297,4106,4085,4114,4096,4111,4112,4097
4277,4108,4086,4119,4096,4106,4108,4097
4257,4110,4096,4112,4097,4093,4108,4097
4236,4112,4103,4121,4097,4101,4103,4097
4217,4112,4094,4110,4097,4099,4104,4097
4195,4112,4081,4116,4096,4103,4103,4096
4176,4112,4093,4111,4097,4105,4116,4097
4161,4109,4097,4118,4096,4102,4099,4096
4152,4109,4091,4115,4096,4104,4110,4097
4148,4109,4094,4113,4096,4096,4111,4097
4143,4110,4083,4115,4096,4102,4110,4096
4134,4111,4086,4114,4097,4090,4111,4097
4134,4112,4094,4119,4097,4093,4106,4097
4139,4113,4107,4116,4097,4095,4110,4097
4137,4116,4094,4113,4097,4100,4108,4096
4134,4117,4093,4119,4097,4094,4105,4097
4132,4117,4083,4106,4097,4103,4110,4097
4131,4118,4099,4112,4097,4098,4108,4097
4129,4119,4100,4116,4097,4095,4111,4097
4125,4119,4088,4119,4096,4099,4107,4097
4119,4119,4080,4119,4097,4095,4111,4097
4114,4120,4087,4114,4097,4100,4112,4097
4110,4120,4104,4112,4097,4101,4107,4097
4106,4122,4098,4107,4097,4104,4112,4097
4102,4122,4093,4106,4097,4107,4112,4097
4099,4122,4086,4099,4097,4105,4118,4096
4093,4123,4093,4096,4096,4098,4112,4097
4086,4123,4105,4099,4097,4097,4114,4097
4079,4125,4105,4106,4097,4103,4096,4097
4073,4125,4092,4101,4097,4098,4112,4097
4069,4125,4082,4102,4097,4099,4112,4097
4063,4125,4093,4104,4097,4099,4112,4097
4056,4125,4104,4099,4097,4102,4115,4097
4052,4123,4100,4096,4096,4102,4112,4097
4051,4119,4089,4092,4097,4096,4111,4097
4050,4115,4085,4087,4096,4094,4104,4097
4047,4112,4097,4105,4097,4095,4109,4097
4040,4108,4103,4109,4097,4106,4112,4097
4033,4106,4113,4099,4097,4106,4094,4096
4026,4104,4091,4100,4096,4105,4106,4096
4023,4102,4090,4104,4096,4107,4114,4096
4022,4103,4096,4109,4096,4106,4109,4096
4019,4103,4108,4102,4096,4100,4111,4096
4014,4103,4105,4106,4097,4104,4112,4097
4011,4100,4096,4105,4096,4103,4105,4097
4011,4099,4087,4102,4096,4109,4100,4096
4012,4100,4101,4104,4097,4099,4110,4097
4012,4100,4110,4101,4096,4099,4112,4096
4010,4100,4105,4111,4096,4103,4112,4096
4008,4099,4096,4104,4096,4104,4112,4096
4007,4099,4093,4104,4096,4093,4112,4096
4007,4099,4096,4110,4096,4106,4106,4096
4007,4099,4110,4106,4097,4106,4107,4097
4007,4099,4103,4106,4096,4109,4112,4096
4007,4099,4085,4111,4096,4109,4112,4097
4007,4099,4086,4112,4097,4109,4112,4097
4008,4100,4103,4101,4096,4105,4107,4097
4010,4100,4106,4099,4096,4103,4110,4096
4010,4100,4099,4109,4096,4102,4115,4096
4010,4099,4094,4106,4096,4100,4111,4097
4010,4099,4095,4106,4096,4102,4102,4096
4013,4101,4101,4112,4097,4099,4112,4096
4016,4103,4102,4111,4097,4109,4104,4097
4020,4104,4099,4112,4097,4105,4111,4097
4022,4104,4086,4107,4096,4096,4109,4097
4023,4103,4090,4109,4096,4099,4108,4096
4025,4103,4106,4110,4096,4103,4107,4096
4027,4105,4111,4107,4096,4112,4107,4097
4029,4104,4103,4099,4096,4099,4111,4096
4031,4104,4080,4104,4096,4098,4114,4097
4032,4102,4088,4106,4096,4102,4113,4097
4033,4102,4097,4110,4097,4099,4113,4096
4035,4103,4099,4113,4096,4098,4100,4097
4038,4104,4093,4112,4096,4100,4107,4097
4039,4103,4080,4111,4096,4103,4106,4096
4038,4102,4088,4107,4096,4099,4114,4097
4038,4103,4101,4115,4096,4100,4111,4096
4040,4104,4107,4104,4097,4101,4110,4097
4043,4106,4093,4105,4096,4102,4117,4096
4043,4106,4075,4099,4096,4102,4110,4096
4040,4105,4098,4105,4097,4096,4106,4097
4041,4105,4096,4106,4097,4099,4107,4097
4043,4106,4103,4105,4097,4096,4098,4096
4042,4106,4103,4112,4096,4099,4100,4096
4041,4105,4092,4106,4097,4095,4099,4096
4040,4105,4095,4111,4096,4096,4117,4096
4041,4107,4093,4109,4097,4101,4111,4096
4041,4108,4102,4111,4096,4097,4102,4097
4041,4107,4098,4117,4096,4102,4102,4096
4040,4106,4088,4106,4096,4099,4111,4097
4039,4106,4093,4105,4096,4100,4103,4096
4040,4106,4092,4106,4097,4093,4105,4096
4040,4108,4102,4106,4097,4096,4121,4097
4040,4106,4096,4108,4096,4100,4115,4097
4040,4106,4089,4110,4096,4099,4108,4096
4038,4106,4095,4106,4096,4100,4111,4096
4039,4108,4098,4106,4097,4097,4111,4097
4040,4108,4086,4102,4097,4099,4113,4097
4041,4107,4083,4111,4096,4098,4111,4097
4041,4106,4083,4108,4097,4097,4112,4096
4042,4106,4087,4106,4097,4100,4114,4096
4042,4107,4098,4112,4096,4097,4100,4097
4042,4108,4095,4107,4097,4100,4110,4097
4041,4108,4092,4112,4097,4092,4114,4097
4040,4108,4080,4111,4097,4094,4107,4097
4041,4108,4086,4109,4096,4094,4107,4097
4042,4110,4099,4106,4096,4094,4107,4097
4043,4110,4096,4106,4096,4096,4112,4096
4041,4110,4093,4106,4096,4090,4106,4097
4040,4109,4087,4095,4096,4095,4112,4096
4040,4110,4092,4107,4097,4093,4107,4097
4040,4112,4099,4103,4097,4098,4106,4097
4041,4112,4099,4105,4096,4093,4111,4096
4040,4112,4079,4113,4097,4098,4102,4096
4040,4111,4078,4101,4096,4098,4111,4097
4040,4112,4093,4105,4096,4090,4113,4096
4040,4112,4096,4095,4097,4094,4112,4097
4040,4112,4095,4104,4096,4101,4112,4097
4040,4112,4082,4095,4097,4093,4112,4096
4039,4112,4085,4095,4097,4086,4111,4096
4040,4112,4087,4101,4096,4087,4112,4096
4040,4112,4104,4099,4096,4099,4111,4097
4041,4112,4099,4099,4096,4096,4118,4097
4040,4112,4081,4096,4097,4094,4117,4096
4036,4112,4087,4099,4096,4092,4117,4097
4033,4112,4086,4095,4097,4089,4109,4097
4033,4112,4095,4097,4097,4097,4115,4096
4032,4112,4095,4093,4097,4098,4115,4096
4030,4112,4092,4099,4096,4093,4106,4096
4029,4111,4085,4089,4097,4103,4112,4096
4029,4112,4094,4093,4097,4102,4115,4097
4033,4112,4097,4093,4097,4097,4110,4097
4038,4112,4103,4094,4097,4093,4124,4097
4038,4111,4088,4105,4097,4089,4115,4096
4037,4111,4084,4109,4097,4083,4121,4097
4036,4112,4093,4115,4097,4086,4111,4097
4038,4111,4099,4105,4096,4080,4119,4096
4040,4112,4090,4113,4096,4094,4115,4096
4043,4112,4080,4099,4096,4083,4110,4096
4045,4113,4083,4104,4097,4091,4113,4096
4047,4112,4096,4105,4096,4093,4100,4096
4047,4113,4112,4099,4096,4098,4117,4097
4048,4115,4095,4105,4096,4093,4123,4097
4051,4114,4083,4105,4097,4097,4115,4096
4050,4112,4080,4112,4097,4095,4122,4097
4051,4114,4098,4108,4097,4092,4112,4097
4053,4115,4104,4103,4097,4094,4115,4097
4057,4114,4094,4112,4096,4095,4107,4097
4064,4112,4080,4093,4096,4094,4120,4097
4070,4111,4084,4100,4097,4091,4119,4096
4080,4112,4090,4106,4097,4099,4118,4097
4089,4113,4099,4105,4097,4100,4117,4097
4096,4113,4086,4108,4096,4090,4118,4097
4102,4112,4085,4108,4097,4092,4115,4096
4108,4112,4093,4099,4097,4087,4118,4097
4113,4114,4099,4099,4097,4093,4116,4096
4113,4114,4099,4106,4096,4087,4118,4096
4114,4114,4093,4098,4096,4099,4117,4096
4121,4112,4083,4106,4096,4096,4117,4097
4132,4110,4085,4094,4096,4105,4111,4096
4141,4112,4094,4099,4096,4099,4106,4097
4149,4112,4097,4099,4096,4093,4118,4096
4159,4112,4093,4098,4096,4095,4118,4096
4168,4110,4084,4099,4096,4096,4119,4096
4180,4111,4092,4106,4096,4089,4125,4097
4199,4108,4104,4108,4096,4091,4118,4096
4218,4108,4099,4113,4097,4094,4119,4097
4233,4108,4096,4107,4096,4093,4120,4096
4248,4107,4082,4102,4096,4086,4112,4097
4264,4106,4089,4099,4096,4093,4119,4096
4281,4108,4097,4095,4096,4095,4121,4097
4298,4110,4101,4106,4096,4090,4119,4097
4314,4111,4099,4104,4096,4091,4126,4097
4331,4106,4083,4105,4097,4089,4120,4097
4351,4101,4080,4107,4096,4094,4111,4096
4373,4099,4095,4111,4096,4097,4124,4096
4400,4099,4100,4105,4097,4099,4121,4097
4427,4094,4087,4111,4097,4088,4119,4096
4451,4086,4080,4109,4097,4096,4116,4096
4472,4081,4093,4105,4096,4098,4122,4096
4493,4079,4104,4108,4096,4093,4122,4096
4513,4080,4098,4103,4096,4102,4125,4097
4530,4077,4087,4112,4096,4104,4121,4096
4543,4073,4083,4102,4096,4106,4120,4096
4556,4069,4093,4109,4096,4112,4120,4097
4569,4067,4101,4104,4096,4102,4122,4096
4582,4066,4101,4117,4096,4109,4118,4096
4594,4063,4089,4101,4096,4110,4116,4096
4605,4060,4081,4107,4097,4101,4124,4096
4616,4057,4090,4101,4096,4102,4119,4096
4629,4057,4099,4105,4097,4104,4119,4096
4644,4057,4098,4109,4096,4106,4119,4096
4659,4054,4089,4109,4097,4100,4126,4097
4675,4051,4084,4106,4096,4098,4112,4096
4692,4047,4094,4106,4096,4102,4118,4096
4710,4044,4104,4107,4096,4099,4118,4097
4729,4040,4104,4103,4097,4099,4124,4097
4750,4038,4088,4107,4096,4102,4126,4097
4773,4033,4086,4106,4096,4106,4117,4097
4799,4029,4093,4111,4096,4107,4122,4096
4824,4025,4100,4106,4096,4108,4125,4096
4849,4024,4098,4112,4097,4110,4111,4097
4874,4026,4090,4112,4096,4102,4131,4096
4902,4024,4089,4112,4096,4104,4119,4096
4928,4023,4090,4106,4096,4101,4124,4096
4957,4023,4097,4107,4096,4110,4120,4096
4983,4025,4085,4113,4096,4103,4120,4096
5011,4025,4076,4103,4096,4106,4121,4096
5043,4024,4080,4104,4097,4109,4119,4096
5072,4025,4086,4103,4096,4107,4120,4097
5096,4025,4099,4110,4096,4108,4126,4096
5119,4027,4087,4113,4096,4097,4114,4096
5142,4028,4099,4111,4097,4094,4126,4096
5163,4029,4086,4107,4096,4103,4120,4096
5184,4030,4097,4108,4096,4099,4120,4097
5204,4034,4093,4106,4096,4099,4122,4097
5227,4041,4094,4113,4096,4099,4119,4096
5245,4046,4086,4108,4096,4095,4118,4096
5263,4049,4087,4112,4096,4096,4124,4096
5282,4054,4093,4107,4097,4099,4116,4096
5300,4059,4094,4108,4097,4100,4119,4097
5321,4066,4095,4106,4097,4102,4126,4097
5340,4073,4095,4101,4096,4100,4123,4096
5360,4080,4087,4111,4096,4098,4117,4096
5379,4086,4093,4106,4097,4105,4120,4097
5401,4093,4096,4105,4096,4102,4121,4097
5420,4099,4093,4110,4096,4104,4119,4096
5441,4105,4082,4105,4096,4101,4125,4096
5460,4107,4084,4107,4096,4100,4124,4096
5479,4114,4094,4117,4097,4101,4125,4097
5499,4122,4096,4113,4096,4100,4115,4096
5521,4132,4093,4111,4096,4103,4124,4096
5541,4140,4084,4108,4096,4105,4126,4096
5562,4148,4088,4114,4096,4112,4112,4096
5582,4159,4098,4104,4096,4107,4117,4096
5598,4171,4091,4090,4096,4102,4125,4096
5620,4182,4093,4086,4096,4098,4125,4096
5642,4192,4083,4086,4096,4098,4120,4096
5660,4203,4086,4106,4096,4098,4125,4097
5680,4217,4093,4107,4096,4099,4122,4096
5697,4233,4106,4106,4096,4099,4126,4097
5715,4245,4099,4101,4096,4100,4123,4096
5732,4257,4084,4109,4096,4106,4123,4096
5739,4263,4090,4111,4096,4106,4123,4097
5755,4273,4096,4105,4096,4104,4121,4096
5771,4284,4092,4106,4096,4098,4129,4096
5788,4296,4096,4108,4096,4099,4121,4096
5805,4307,4092,4106,4096,4103,4119,4096
5822,4314,4093,4105,4096,4100,4122,4096
5839,4325,4099,4109,4096,4097,4121,4096
5855,4338,4091,4106,4096,4096,4110,4096
5873,4348,4088,4106,4096,4109,4126,4096
5888,4358,4081,4110,4096,4098,4129,4096
5903,4367,4093,4115,4096,4099,4121,4096
5920,4378,4093,4105,4096,4106,4114,4096
5938,4390,4090,4108,4096,4111,4118,4096
5954,4400,4091,4110,4096,4106,4131,4097
5966,4405,4080,4100,4096,4106,4122,4096
5973,4414,4086,4104,4096,4106,4119,4096
5991,4428,4095,4105,4096,4105,4124,4096
6010,4440,4103,4106,4096,4110,4118,4096
6024,4449,4086,4104,4097,4112,4114,4096
6036,4459,4086,4101,4096,4103,4126,4096
6049,4469,4092,4101,4096,4106,4119,4096
6065,4480,4096,4106,4096,4106,4117,4096
6080,4491,4098,4104,4096,4105,4120,4096
6093,4501,4086,4106,4096,4105,4120,4096
6105,4507,4090,4100,4096,4106,4121,4096
6117,4517,4088,4093,4096,4106,4123,4097
6130,4526,4099,4094,4096,4103,4122,4096
6144,4537,4098,4099,4096,4101,4123,4096
6157,4545,4092,4103,4096,4106,4119,4096
6168,4552,4084,4099,4096,4104,4110,4096
6179,4559,4090,4099,4097,4101,4120,4097
6190,4566,4099,4099,4096,4107,4125,4096
6203,4572,4093,4091,4096,4105,4117,4096
6213,4579,4086,4097,4096,4104,4109,4096
6223,4587,4090,4106,4096,4099,4117,4096
6231,4597,4095,4111,4097,4107,4129,4096
6240,4605,4099,4112,4097,4098,4121,4096
6250,4615,4100,4102,4097,4106,4119,4096
6262,4624,4092,4101,4097,4099,4124,4096
6270,4632,4088,4095,4096,4100,4125,4096
6278,4642,4103,4092,4096,4107,4118,4096
6289,4651,4103,4099,4096,4110,4119,4096
6298,4664,4101,4099,4096,4109,4126,4097
6309,4676,4091,4098,4096,4108,4120,4096
6321,4688,4090,4098,4096,4106,4126,4096
6330,4698,4093,4108,4096,4101,4116,4097
6341,4709,4093,4107,4096,4102,4116,4096
6349,4720,4099,4106,4096,4103,4127,4096
6356,4729,4087,4105,4097,4117,4119,4096
6360,4737,4089,4110,4097,4108,4123,4096
6366,4746,4093,4107,4096,4104,4121,4096
6373,4755,4100,4113,4096,4103,4126,4096
6376,4763,4095,4110,4096,4107,4119,4096
6377,4769,4078,4112,4096,4108,4125,4096
6384,4776,4089,4106,4096,4106,4117,4096
6388,4785,4092,4106,4097,4104,4114,4096
6391,4790,4101,4112,4097,4099,4112,4096
6393,4797,4098,4110,4096,4095,4124,4097
6390,4806,4091,4107,4096,4100,4124,4097
6383,4814,4088,4107,4096,4107,4117,4096
6377,4827,4099,4114,4096,4109,4113,4097
6374,4840,4098,4115,4096,4105,4125,4096
6375,4850,4094,4112,4096,4107,4113,4096
6378,4857,4086,4111,4096,4105,4121,4096
6381,4864,4089,4108,4096,4106,4121,4096
6386,4870,4095,4103,4096,4102,4120,4096
6393,4875,4099,4109,4096,4109,4125,4096
6398,4879,4093,4112,4096,4111,4120,4096
6402,4880,4092,4108,4096,4106,4123,4096
6400,4881,4088,4108,4096,4103,4120,4096
6400,4884,4099,4109,4096,4104,4121,4096
6401,4888,4094,4117,4096,4108,4119,4096
6402,4894,4093,4112,4096,4108,4131,4096
6402,4899,4082,4100,4096,4099,4128,4096
6403,4907,4092,4098,4096,4109,4120,4096
6408,4914,4091,4101,4096,4109,4121,4096
6415,4921,4101,4112,4096,4111,4125,4096
6423,4925,4099,4111,4097,4110,4118,4096
6425,4928,4092,4106,4096,4111,4105,4096
6421,4931,4093,4112,4096,4106,4117,4096
6417,4933,4103,4115,4096,4109,4119,4096
6415,4936,4094,4108,4097,4104,4122,4097
6414,4939,4088,4109,4096,4103,4121,4096
6413,4940,4084,4111,4096,4102,4122,4096
6411,4943,4093,4110,4096,4098,4112,4096
6411,4946,4105,4106,4096,4104,4120,4096
6411,4950,4109,4107,4096,4105,4116,4097
6410,4953,4091,4106,4096,4094,4124,4096
6407,4955,4095,4109,4096,4099,4128,4096
6408,4957,4093,4106,4097,4098,4112,4097
6409,4957,4104,4112,4096,4105,4119,4096
6414,4957,4101,4107,4096,4106,4125,4096
6417,4954,4091,4099,4096,4096,4122,4096
6415,4953,4088,4110,4096,4101,4119,4096
6413,4953,4094,4104,4096,4109,4107,4096
6414,4952,4094,4094,4096,4099,4104,4096
6416,4953,4102,4105,4097,4098,4118,4096
6416,4952,4088,4113,4096,4098,4114,4096
6414,4950,4086,4104,4096,4084,4128,4096
6412,4949,4095,4089,4096,4086,4123,4096
6406,4952,4095,4090,4097,4099,4126,4096
6406,4952,4091,4090,4096,4095,4111,4097
6407,4951,4087,4081,4096,4096,4121,4097
6405,4950,4088,4093,4096,4093,4121,4096
6405,4951,4092,4086,4096,4093,4120,4096
6411,4953,4101,4089,4096,4089,4102,4096
6413,4954,4097,4089,4096,4093,4124,4096
6412,4954,4086,4094,4096,4093,4123,4096
6410,4953,4093,4089,4096,4091,4126,4096
6408,4953,4093,4093,4096,4089,4116,4096
6410,4954,4106,4092,4097,4099,4122,4096
6410,4954,4100,4096,4096,4091,4120,4096
6411,4953,4091,4096,4096,4092,4126,4096
6408,4952,4085,4100,4096,4093,4136,4096
6408,4952,4087,4106,4096,4092,4126,4096
6408,4952,4093,4096,4096,4093,4122,4096
6410,4952,4101,4098,4096,4095,4120,4096
6410,4951,4085,4105,4096,4088,4110,4096
6408,4951,4095,4101,4096,4093,4111,4096
6406,4950,4099,4106,4096,4091,4122,4096
6407,4952,4099,4103,4096,4092,4121,4096
6408,4951,4101,4107,4096,4098,4112,4096
6409,4949,4093,4103,4096,4096,4112,4096
6407,4948,4097,4109,4096,4094,4121,4096
6406,4950,4098,4108,4097,4094,4119,4096
6407,4950,4099,4112,4097,4089,4119,4096
6408,4951,4096,4112,4096,4088,4118,4096
6408,4948,4089,4111,4097,4093,4119,4096
6407,4946,4086,4106,4096,4100,4107,4096
6407,4945,4091,4110,4096,4102,4114,4096
6408,4945,4099,4108,4096,4099,4115,4096
6409,4944,4095,4112,4096,4093,4117,4096
6409,4941,4092,4106,4096,4098,4112,4096
6408,4939,4092,4108,4096,4095,4106,4096
6408,4939,4098,4112,4096,4095,4120,4096
6408,4941,4097,4105,4096,4098,4116,4096
6408,4942,4099,4110,4096,4106,4113,4096
6408,4942,4088,4107,4096,4098,4121,4096
6408,4942,4086,4098,4096,4095,4117,4096
6407,4943,4100,4091,4097,4099,4115,4096
6409,4944,4104,4090,4096,4097,4118,4096
6410,4945,4092,4093,4096,4088,4112,4096
6409,4943,4080,4089,4097,4099,4119,4097
6408,4943,4099,4086,4096,4099,4116,4096
6408,4942,4099,4086,4096,4100,4118,4097
6411,4944,4093,4095,4096,4100,4117,4096
6414,4945,4093,4093,4096,4093,4118,4097
6414,4944,4089,4101,4096,4097,4121,4096
6411,4942,4090,4101,4096,4099,4098,4096
6410,4943,4097,4103,4096,4102,4119,4096
6411,4943,4099,4101,4096,4092,4119,4096
6413,4943,4093,4099,4096,4093,4119,4096
6412,4940,4082,4098,4097,4099,4116,4096
6409,4939,4086,4100,4096,4100,4115,4096
6409,4939,4088,4097,4096,4099,4114,4097
6410,4939,4093,4102,4096,4096,4114,4096
6411,4939,4090,4094,4096,4098,4106,4096
6410,4938,4094,4095,4096,4106,4112,4096
6408,4937,4094,4095,4096,4098,4113,4096
6408,4937,4087,4094,4096,4101,4106,4096
6408,4938,4098,4097,4096,4098,4112,4096
6409,4936,4093,4109,4097,4098,4115,4096
6408,4934,4086,4108,4096,4093,4103,4097
6407,4932,4089,4116,4096,4089,4111,4096
6408,4933,4096,4111,4096,4099,4109,4096
6409,4932,4097,4106,4096,4096,4102,4096
6411,4932,4088,4104,4096,4106,4112,4096
6411,4928,4086,4103,4096,4096,4111,4096
6413,4923,4086,4106,4096,4092,4104,4096
6418,4918,4096,4109,4096,4098,4106,4096
6428,4909,4108,4102,4096,4105,4105,4096
6437,4899,4091,4112,4096,4101,4108,4096
6440,4890,4090,4113,4096,4099,4107,4097
6440,4885,4093,4107,4096,4098,4110,4096
6439,4881,4103,4106,4097,4099,4107,4096
6441,4878,4101,4105,4096,4092,4110,4096
6442,4873,4097,4106,4096,4099,4110,4096
6441,4868,4086,4102,4096,4095,4112,4096
6441,4863,4093,4107,4096,4099,4108,4096
6441,4860,4090,4112,4096,4100,4102,4096
6441,4856,4097,4108,4096,4096,4112,4096
6441,4851,4084,4107,4096,4099,4112,4096
6441,4842,4085,4108,4096,4094,4110,4097
6438,4834,4092,4106,4096,4091,4111,4096
6435,4826,4095,4095,4097,4094,4113,4096
6432,4818,4097,4099,4096,4095,4113,4096
6429,4808,4086,4098,4096,4096,4111,4096
6423,4798,4083,4098,4096,4093,4119,4096
6418,4787,4089,4100,4096,4096,4112,4096
6412,4775,4090,4105,4096,4099,4116,4096
6403,4764,4093,4112,4096,4098,4111,4096
6396,4755,4093,4105,4096,4100,4111,4096
6389,4743,4083,4103,4096,4096,4112,4096
6382,4733,4098,4105,4096,4092,4112,4096
6373,4727,4106,4110,4096,4097,4108,4096
6363,4721,4099,4101,4096,4099,4103,4096
6355,4712,4085,4105,4096,4099,4093,4096
6347,4699,4086,4107,4096,4104,4092,4096
6336,4691,4090,4105,4096,4089,4098,4096
6324,4683,4098,4106,4096,4093,4099,4096
6312,4675,4094,4104,4096,4095,4085,4096
6299,4665,4083,4101,4096,4093,4096,4096
6283,4653,4086,4096,4096,4099,4086,4096
6270,4645,4091,4107,4096,4093,4079,4096
6256,4638,4098,4101,4096,4089,4080,4096
6240,4629,4099,4103,4096,4099,4094,4096
6227,4616,4086,4101,4096,4094,4086,4096
6214,4604,4087,4103,4096,4096,4100,4096
6198,4596,4088,4122,4096,4090,4090,4096
6180,4587,4096,4105,4096,4093,4077,4096
6164,4574,4098,4112,4096,4093,4092,4096
6148,4557,4085,4112,4096,4098,4090,4096
6130,4539,4086,4110,4096,4093,4093,4096
6109,4526,4085,4119,4096,4097,4091,4096
6085,4514,4098,4112,4096,4095,4088,4096
6063,4499,4101,4119,4096,4099,4093,4096
6039,4481,4092,4111,4096,4099,4092,4096
6014,4466,4093,4110,4096,4101,4100,4096
5990,4450,4097,4111,4096,4098,4093,4096
5966,4434,4101,4106,4096,4091,4096,4096
5945,4416,4098,4114,4096,4097,4087,4096
5921,4402,4087,4105,4096,4096,4087,4096
5896,4391,4093,4108,4096,4096,4096,4097
5876,4379,4098,4107,4097,4093,4097,4096
5859,4364,4106,4114,4096,4099,4091,4096
5842,4350,4101,4110,4096,4103,4093,4096
5824,4337,4089,4119,4096,4095,4091,4097
5804,4323,4094,4107,4096,4101,4089,4096
5783,4311,4097,4110,4096,4093,4091,4096
5762,4296,4106,4106,4096,4099,4086,4096
5742,4283,4093,4108,4096,4096,4091,4097
5718,4269,4088,4112,4096,4093,4092,4096
5694,4255,4096,4113,4096,4098,4088,4096
5671,4241,4102,4111,4096,4100,4088,4096
5648,4225,4101,4107,4096,4102,4087,4096
5623,4214,4094,4107,4096,4097,4091,4096
5597,4203,4093,4109,4096,4099,4091,4096
5573,4189,4096,4105,4096,4093,4081,4096
5551,4178,4103,4115,4096,4087,4092,4096
5528,4171,4102,4114,4096,4093,4096,4096
5509,4165,4100,4112,4097,4097,4096,4096
5487,4156,4094,4110,4096,4094,4096,4096
5466,4139,4093,4109,4096,4089,4096,4096
5446,4132,4105,4110,4096,4102,4093,4096
5425,4131,4106,4116,4096,4095,4101,4096
5408,4133,4096,4110,4096,4096,4099,4096
5391,4129,4086,4120,4096,4097,4103,4096
5370,4116,4090,4110,4096,4093,4103,4096
5350,4104,4093,4101,4096,4093,4104,4096
5326,4099,4092,4103,4096,4104,4100,4096
5307,4099,4088,4103,4096,4106,4103,4096
5287,4093,4084,4105,4096,4105,4102,4097
5267,4080,4091,4103,4096,4101,4106,4096
5247,4073,4099,4110,4096,4099,4091,4096
5230,4071,4103,4112,4096,4101,4100,4096
5215,4072,4094,4117,4096,4104,4098,4096
5198,4063,4084,4116,4096,4099,4098,4096
5181,4056,4091,4119,4096,4101,4096,4097
5163,4054,4089,4116,4096,4099,4099,4096
5157,4056,4093,4106,4096,4099,4107,4096
5147,4054,4083,4097,4096,4099,4106,4096
5132,4046,4091,4095,4096,4102,4104,4096
5112,4041,4089,4098,4096,4099,4099,4096
5098,4044,4088,4092,4096,4103,4103,4096
5083,4050,4096,4098,4096,4104,4106,4096
5067,4047,4093,4106,4096,4107,4104,4096
5048,4039,4089,4112,4096,4098,4105,4096
5028,4034,4093,4112,4096,4093,4101,4096
5012,4034,4106,4096,4096,4096,4101,4096
4996,4037,4096,4096,4096,4093,4103,4096
4978,4039,4093,4098,4096,4106,4095,4096
4964,4039,4089,4097,4096,4103,4093,4096
4947,4038,4094,4103,4096,4095,4102,4096
4931,4035,4096,4100,4096,4096,4099,4096
4918,4038,4099,4102,4096,4099,4099,4096
4904,4042,4084,4109,4096,4097,4105,4096
4889,4040,4087,4116,4096,4094,4101,4096
4875,4035,4089,4121,4096,4097,4095,4096
4863,4038,4094,4119,4096,4093,4101,4096
4852,4044,4093,4112,4096,4097,4100,4096
4840,4045,4090,4115,4096,4105,4099,4096
4823,4040,4091,4118,4096,4102,4098,4096
4802,4041,4096,4113,4096,4103,4100,4096
4780,4047,4096,4125,4096,4105,4105,4096
4756,4056,4096,4103,4096,4099,4106,4096
4731,4061,4090,4115,4096,4103,4104,4096
4706,4061,4093,4118,4096,4101,4108,4097
4683,4060,4095,4119,4096,4099,4106,4096
4660,4062,4099,4117,4096,4105,4093,4096
4635,4067,4092,4109,4096,4100,4106,4096
4609,4070,4086,4111,4096,4090,4110,4096
4585,4072,4093,4112,4096,4101,4106,4097
4559,4075,4099,4124,4097,4104,4094,4096
4534,4082,4093,4112,4096,4099,4104,4096
4509,4092,4095,4116,4096,4099,4100,4096
4485,4098,4085,4118,4096,4099,4104,4096
4459,4099,4088,4119,4096,4099,4104,4096
4442,4101,4094,4118,4096,4098,4104,4096
4429,4102,4101,4116,4096,4098,4104,4096
4421,4109,4093,4115,4096,4104,4104,4096
4409,4112,4080,4111,4096,4100,4105,4096
4400,4112,4093,4107,4096,4100,4104,4096
4391,4113,4096,4111,4096,4105,4101,4096
4384,4113,4099,4109,4096,4101,4102,4096
4378,4116,4090,4106,4096,4097,4105,4096
4373,4119,4084,4106,4096,4098,4095,4096
4367,4121,4086,4104,4096,4100,4104,4096
4359,4124,4091,4111,4097,4107,4089,4097
4353,4128,4092,4112,4096,4102,4104,4096
4345,4130,4083,4107,4096,4099,4107,4096
4338,4130,4075,4109,4097,4093,4099,4096
4331,4128,4081,4107,4096,4098,4102,4096
4324,4128,4095,4109,4096,4099,4099,4096
4319,4128,4092,4115,4096,4093,4097,4096
4316,4129,4093,4108,4096,4095,4099,4096
4311,4129,4084,4121,4096,4099,4101,4096
4305,4130,4090,4109,4096,4089,4099,4096
4300,4129,4104,4112,4096,4094,4105,4096
4293,4127,4099,4108,4096,4102,4104,4096
4281,4126,4097,4105,4096,4093,4108,4096
4273,4125,4083,4112,4096,4094,4093,4096
4266,4126,4076,4112,4097,4101,4102,4096
4259,4127,4103,4105,4096,4106,4101,4096
4254,4126,4106,4107,4096,4105,4108,4096
4247,4124,4082,4113,4096,4100,4107,4096
4238,4124,4080,4108,4096,4101,4104,4096
4227,4124,4085,4111,4096,4100,4094,4096
4222,4124,4098,4116,4096,4099,4094,4096
4214,4125,4093,4122,4096,4105,4104,4096
4205,4125,4083,4119,4096,4102,4104,4096
4195,4126,4082,4111,4096,4097,4103,4096
4191,4129,4093,4107,4096,4098,4105,4096
4191,4131,4098,4105,4096,4107,4102,4096
4192,4132,4100,4110,4096,4104,4101,4096
4192,4133,4079,4109,4096,4105,4102,4096
4193,4133,4083,4101,4096,4099,4105,4096
4196,4134,4092,4098,4096,4095,4106,4096
4196,4134,4099,4099,4096,4093,4098,4096
4193,4134,4095,4105,4096,4096,4090,4096
4189,4132,4093,4104,4097,4094,4096,4096
4185,4130,4087,4100,4096,4095,4104,4096
4182,4130,4093,4103,4096,4099,4100,4096
4178,4129,4101,4105,4096,4097,4101,4096
4174,4130,4096,4106,4096,4094,4098,4096
4170,4130,4080,4112,4096,4105,4097,4096
4164,4129,4081,4114,4096,4098,4104,4096
4161,4130,4087,4107,4096,4095,4099,4096
4160,4128,4106,4110,4096,4102,4101,4097
4159,4128,4093,4112,4096,4097,4104,4096
4158,4128,4083,4113,4096,4102,4101,4096
4155,4128,4077,4110,4096,4093,4096,4096
4153,4129,4098,4102,4096,4094,4100,4096
4152,4129,4099,4106,4096,4097,4097,4096
4152,4130,4093,4105,4096,4097,4106,4096
4149,4129,4080,4107,4096,4100,4106,4096
4146,4128,4082,4110,4096,4097,4101,4096
4145,4128,4096,4112,4097,4095,4106,4096
4146,4127,4101,4121,4097,4099,4099,4096
4146,4128,4102,4112,4096,4099,4101,4096
4145,4128,4090,4103,4096,4093,4091,4096
4145,4127,4086,4111,4096,4094,4095,4096
4145,4128,4094,4099,4096,4093,4095,4096
4144,4129,4099,4096,4096,4093,4089,4096
4145,4129,4098,4089,4096,4101,4093,4096
4143,4127,4080,4097,4096,4098,4098,4096
4141,4128,4087,4093,4097,4097,4098,4096
4141,4129,4093,4106,4096,4098,4093,4096
4142,4128,4104,4093,4096,4097,4101,4096
4142,4130,4094,4092,4096,4102,4080,4096
4140,4130,4081,4091,4096,4099,4099,4096
4138,4129,4090,4096,4096,4093,4102,4096
4134,4130,4096,4105,4096,4095,4100,4096
4127,4130,4107,4103,4097,4102,4097,4096
4123,4129,4094,4105,4096,4100,4100,4096
4122,4128,4080,4102,4096,4100,4105,4096
4121,4127,4083,4102,4096,4095,4104,4097
4125,4127,4096,4117,4096,4099,4095,4096
4129,4128,4099,4107,4096,4098,4106,4096
4131,4128,4091,4106,4096,4098,4108,4096
4132,4127,4084,4102,4096,4096,4102,4096
4132,4127,4086,4099,4096,4092,4099,4096
4132,4129,4096,4105,4096,4094,4088,4096
4132,4129,4106,4099,4096,4093,4106,4096
4133,4129,4092,4106,4096,4095,4107,4097
4132,4128,4083,4102,4096,4105,4106,4096
4132,4127,4093,4102,4096,4100,4107,4096
4132,4128,4099,4109,4096,4099,4105,4096
4132,4129,4106,4107,4096,4104,4102,4096
4132,4128,4094,4108,4096,4109,4101,4096
4132,4128,4085,4107,4097,4099,4100,4096
4133,4127,4088,4106,4096,4099,4095,4096
4135,4128,4099,4106,4096,4106,4102,4096
4135,4129,4104,4100,4096,4104,4086,4096
4135,4127,4091,4083,4096,4112,4099,4096
4135,4126,4082,4086,4096,4105,4099,4096
4135,4126,4089,4093,4096,4106,4096,4096
4137,4127,4100,4106,4096,4106,4097,4096
4137,4127,4098,4099,4096,4104,4101,4096
4137,4127,4088,4093,4096,4104,4098,4096
4136,4126,4078,4088,4096,4105,4098,4096
4132,4126,4087,4089,4096,4108,4099,4096
4129,4126,4086,4086,4096,4106,4086,4096
4130,4127,4099,4095,4096,4102,4097,4096
4137,4126,4086,4091,4096,4107,4099,4096
4136,4126,4081,4102,4096,4103,4106,4096
4137,4126,4087,4096,4096,4103,4102,4096
4137,4126,4103,4093,4096,4113,4105,4096
4137,4127,4106,4095,4096,4106,4099,4096
4138,4126,4085,4096,4096,4099,4099,4096
4138,4126,4076,4093,4096,4099,4104,4096
4137,4126,4080,4106,4097,4101,4099,4096
4137,4126,4099,4099,4096,4099,4098,4096
4137,4127,4095,4092,4096,4096,4104,4096
4137,4126,4088,4091,4096,4094,4093,4096
4137,4126,4080,4101,4096,4098,4091,4096
4138,4126,4089,4105,4096,4103,4104,4096
4137,4126,4100,4110,4096,4100,4101,4096
4138,4127,4089,4105,4097,4095,4098,4096
4138,4127,4079,4104,4096,4089,4090,4096
4137,4126,4082,4108,4096,4096,4099,4096
4138,4126,4094,4108,4096,4097,4102,4096
4137,4127,4096,4114,4097,4099,4096,4096
4138,4128,4097,4107,4096,4094,4098,4096
4139,4127,4082,4109,4096,4101,4095,4096
4139,4126,4085,4115,4096,4088,4102,4096
4139,4127,4091,4113,4096,4093,4099,4096
4139,4127,4101,4115,4096,4099,4102,4096
4139,4127,4090,4117,4096,4093,4098,4096
4139,4126,4085,4114,4096,4102,4100,4096
4139,4126,4079,4106,4096,4099,4093,4096
4140,4126,4093,4107,4097,4101,4102,4096
4141,4127,4094,4112,4096,4096,4097,4096
4141,4127,4095,4113,4097,4097,4101,4096
4140,4126,4082,4106,4096,4104,4099,4096
4140,4126,4094,4110,4096,4106,4104,4096
4141,4127,4106,4109,4096,4093,4096,4096
4142,4128,4108,4110,4096,4092,4101,4096
4144,4128,4093,4105,4096,4098,4099,4096
4145,4127,4091,4104,4096,4097,4102,4096
4147,4126,4084,4113,4096,4097,4098,4096
4151,4128,4093,4115,4096,4100,4097,4096
4153,4130,4099,4111,4096,4101,4108,4096
4158,4128,4093,4125,4096,4105,4100,4096
4164,4128,4087,4115,4096,4104,4101,4096
4173,4129,4082,4115,4096,4098,4105,4096
4181,4130,4099,4127,4096,4101,4103,4096
4189,4131,4104,4112,4096,4100,4104,4096
4197,4129,4097,4119,4096,4101,4099,4096
4207,4129,4085,4120,4096,4095,4099,4096
4218,4127,4093,4120,4096,4102,4095,4096
4229,4128,4106,4115,4096,4106,4092,4096
4241,4129,4106,4119,4096,4104,4098,4096
4251,4128,4094,4115,4096,4097,4105,4096
4264,4126,4089,4112,4096,4110,4099,4096
4277,4126,4086,4109,4096,4112,4084,4096
4291,4125,4093,4106,4096,4103,4103,4096
4302,4124,4099,4104,4096,4104,4099,4096
4314,4122,4098,4103,4096,4101,4101,4096
4326,4119,4078,4116,4096,4099,4101,4096
4339,4118,4093,4109,4096,4100,4106,4096
4351,4117,4099,4111,4096,4104,4098,4096
4364,4115,4112,4118,4096,4103,4101,4096
4380,4113,4094,4115,4096,4103,4101,4096
4395,4112,4085,4115,4096,4110,4096,4096
4409,4110,4093,4114,4096,4099,4099,4096
4423,4109,4100,4115,4096,4100,4099,4096
4437,4109,4090,4120,4096,4100,4101,4096
4453,4107,4086,4109,4096,4098,4099,4096
4466,4106,4080,4115,4096,4100,4101,4096
4478,4103,4102,4106,4096,4100,4100,4096
4492,4102,4113,4123,4096,4101,4100,4096
4506,4099,4099,4126,4096,4097,4102,4096
4522,4099,4081,4114,4096,4097,4097,4096
4538,4099,4081,4116,4096,4095,4100,4096
4556,4098,4088,4107,4096,4100,4096,4096
4575,4095,4099,4110,4096,4102,4102,4096
4593,4093,4092,4115,4096,4106,4101,4096
4610,4088,4093,4114,4096,4114,4095,4096
4627,4083,4093,4119,4096,4101,4099,4096
4645,4080,4096,4109,4096,4096,4101,4096
4664,4079,4103,4112,4096,4106,4092,4096
4681,4078,4099,4109,4096,4101,4089,4096
4700,4074,4087,4106,4096,4107,4101,4096
4719,4070,4088,4106,4096,4101,4104,4096
4737,4066,4089,4117,4096,4105,4105,4096
4753,4063,4104,4111,4096,4103,4097,4096
4771,4060,4100,4118,4096,4105,4099,4096
4790,4060,4082,4114,4096,4104,4098,4096
4812,4058,4083,4112,4096,4104,4093,4096
4834,4055,4092,4113,4096,4094,4097,4096
4857,4053,4094,4116,4096,4099,4097,4096
4880,4053,4093,4117,4096,4108,4102,4096
4902,4054,4085,4112,4096,4099,4094,4096
4926,4053,4086,4112,4096,4099,4101,4096
4950,4053,4085,4111,4096,4093,4101,4096
4975,4052,4091,4107,4096,4100,4102,4096
4999,4054,4090,4107,4096,4109,4096,4096
5022,4057,4080,4106,4096,4099,4086,4096
5048,4058,4085,4106,4096,4101,4099,4096
5078,4060,4093,4112,4096,4099,4101,4096
5109,4062,4094,4117,4096,4103,4103,4096
5140,4066,4093,4108,4096,4105,4099,4096
5171,4068,4086,4111,4096,4105,4101,4096
5202,4071,4093,4106,4096,4103,4088,4096
5234,4074,4090,4113,4096,4101,4102,4096
5266,4080,4091,4112,4096,4108,4099,4096
5293,4086,4095,4112,4096,4099,4099,4096
5326,4093,4080,4105,4096,4098,4103,4096
5352,4100,4098,4105,4096,4101,4100,4096
5380,4107,4089,4113,4096,4098,4104,4096
5406,4116,4094,4115,4096,4104,4100,4096
5433,4129,4086,4114,4096,4089,4101,4096
5460,4134,4080,4105,4096,4086,4099,4096
5488,4144,4082,4106,4096,4092,4099,4096
5518,4157,4093,4110,4096,4099,4099,4096
5549,4169,4094,4109,4096,4094,4091,4096
5583,4178,4093,4112,4096,4095,4101,4096
5614,4188,4089,4114,4096,4093,4094,4096
5643,4202,4083,4112,4096,4093,4097,4096
5671,4217,4092,4112,4096,4098,4100,4096
5700,4231,4097,4112,4096,4108,4094,4096
5729,4245,4093,4106,4096,4102,4098,4096
5748,4257,4085,4109,4096,4107,4095,4096
5771,4269,4090,4111,4097,4100,4102,4096
5794,4282,4088,4110,4096,4101,4103,4097
5818,4296,4094,4110,4096,4107,4093,4096
5841,4309,4086,4112,4096,4103,4097,4096
5863,4323,4085,4108,4096,4104,4099,4096
5881,4338,4081,4113,4096,4106,4096,4096
5899,4352,4092,4112,4096,4112,4101,4096
5919,4367,4091,4114,4096,4112,4096,4096
5934,4379,4087,4115,4096,4099,4101,4096
5952,4388,4085,4113,4096,4103,4110,4096
5965,4401,4089,4106,4096,4102,4099,4096
5981,4414,4094,4110,4096,4110,4090,4096
6001,4428,4096,4115,4096,4106,4103,4096
6023,4442,4083,4115,4096,4102,4100,4096
6042,4457,4079,4112,4096,4106,4099,4096
6059,4472,4086,4113,4096,4111,4101,4096
6076,4486,4088,4115,4096,4106,4100,4096
6097,4501,4090,4101,4096,4110,4101,4096
6117,4517,4089,4108,4096,4108,4095,4096
6135,4532,4083,4109,4096,4112,4094,4096
6150,4546,4091,4105,4096,4109,4093,4096
6164,4560,4093,4108,4097,4106,4102,4096
6183,4575,4103,4111,4096,4107,4093,4096
6202,4587,4083,4113,4096,4106,4091,4096
6219,4597,4084,4114,4096,4099,4100,4096
6231,4610,4093,4109,4096,4106,4094,4096
6245,4622,4095,4107,4096,4099,4099,4096
6260,4633,4089,4110,4096,4103,4099,4096
6275,4643,4086,4111,4096,4093,4093,4096
6285,4652,4080,4114,4096,4098,4094,4096
6292,4663,4088,4106,4096,4102,4092,4096
6302,4675,4096,4114,4096,4093,4105,4096
6313,4684,4098,4118,4096,4100,4108,4096
6325,4693,4083,4107,4096,4106,4104,4096
6333,4702,4080,4106,4096,4099,4104,4096
6340,4713,4093,4113,4096,4099,4099,4096
6346,4723,4093,4104,4096,4101,4106,4096
6355,4733,4095,4106,4096,4097,4110,4096
6363,4742,4091,4108,4096,4099,4112,4096
6369,4751,4086,4110,4096,4101,4109,4096
6375,4759,4085,4112,4096,4105,4112,4096
6380,4767,4085,4103,4096,4110,4117,4096
6386,4776,4083,4105,4096,4105,4116,4096
6388,4785,4079,4110,4096,4096,4103,4096
6388,4791,4077,4115,4096,4099,4112,4096
6389,4799,4089,4108,4096,4106,4112,4096
6395,4807,4099,4106,4096,4110,4110,4097
6399,4817,4086,4102,4096,4106,4099,4096
6401,4826,4086,4096,4096,4106,4102,4096
6401,4836,4083,4093,4096,4099,4104,4097
6400,4850,4097,4103,4096,4102,4100,4096
6403,4861,4098,4103,4096,4096,4100,4096
6408,4872,4087,4103,4096,4106,4106,4096
6409,4880,4084,4112,4096,4092,4103,4096
6408,4892,4085,4106,4096,4096,4106,4096
6408,4903,4088,4118,4096,4096,4105,4096
6410,4914,4084,4107,4096,4099,4104,4096
6410,4922,4086,4107,4096,4102,4089,4097
6408,4929,4080,4113,4096,4106,4099,4097
6406,4933,4081,4116,4096,4099,4107,4096
6406,4939,4094,4111,4096,4092,4106,4096
6406,4944,4095,4107,4096,4088,4108,4096
6408,4947,4080,4103,4096,4102,4108,4096
6408,4949,4086,4100,4096,4101,4101,4097
6402,4951,4080,4107,4097,4100,4093,4096
6401,4952,4090,4111,4096,4099,4101,4097
6402,4953,4087,4111,4097,4101,4107,4096
6402,4955,4084,4106,4096,4096,4106,4096
6399,4956,4082,4113,4097,4101,4102,4096
6395,4955,4085,4112,4097,4098,4111,4096
6394,4954,4095,4106,4096,4103,4106,4096
6395,4956,4093,4112,4096,4103,4114,4096
6395,4958,4090,4112,4096,4106,4110,4096
6394,4958,4088,4111,4096,4099,4109,4096
6392,4958,4085,4114,4096,4101,4110,4096
6393,4958,4096,4109,4097,4101,4112,4097
6395,4960,4087,4108,4096,4100,4112,4096
6396,4961,4082,4104,4096,4103,4115,4097
6395,4961,4077,4112,4096,4100,4108,4096
6393,4960,4081,4095,4097,4100,4107,4096
6393,4960,4091,4095,4097,4103,4107,4096
6400,4960,4090,4106,4096,4106,4104,4097
6401,4960,4081,4111,4097,4099,4100,4096
6399,4960,4085,4101,4097,4108,4106,4096
6397,4960,4089,4099,4097,4110,4106,4096
6399,4961,4086,4110,4096,4102,4106,4097
6402,4962,4097,4110,4096,4101,4110,4097
6403,4963,4079,4114,4097,4105,4106,4096
6403,4963,4084,4101,4096,4108,4108,4096
6402,4961,4075,4109,4096,4099,4104,4096
6402,4962,4090,4111,4097,4098,4097,4096
6402,4961,4090,4110,4096,4097,4106,4096
6402,4960,4081,4107,4097,4104,4109,4096
6400,4958,4086,4112,4096,4103,4099,4097
6399,4957,4085,4106,4096,4096,4106,4097
6399,4958,4096,4104,4096,4103,4112,4096
6404,4959,4096,4113,4097,4101,4107,4096
6408,4959,4091,4110,4097,4094,4109,4096
6407,4958,4090,4101,4096,4099,4101,4097
6407,4959,4092,4106,4096,4099,4112,4096
6407,4960,4097,4109,4097,4101,4103,4096
6408,4960,4102,4105,4096,4103,4108,4096
6407,4959,4087,4111,4096,4100,4099,4097
6406,4957,4085,4111,4097,4098,4107,4096
6403,4958,4088,4109,4096,4101,4108,4096
6404,4959,4100,4109,4096,4101,4108,4096
6405,4962,4096,4103,4097,4098,4112,4097
6407,4961,4086,4111,4096,4106,4103,4096
6406,4962,4086,4108,4096,4101,4110,4096
6406,4965,4092,4107,4096,4101,4103,4096
6408,4968,4096,4107,4097,4104,4101,4096
6408,4970,4092,4106,4097,4106,4107,4096
6408,4972,4084,4107,4096,4106,4107,4096
6407,4974,4084,4104,4097,4102,4112,4096
6405,4978,4091,4106,4097,4100,4098,4096
6403,4983,4101,4106,4097,4099,4104,4097
6400,4986,4096,4109,4096,4109,4109,4096
6396,4985,4096,4106,4097,4099,4109,4096
6389,4986,4092,4110,4096,4106,4105,4097
6387,4988,4097,4111,4096,4096,4099,4096
6390,4988,4094,4116,4096,4106,4107,4096
6396,4988,4086,4108,4097,4106,4099,4096
6399,4984,4085,4104,4096,4094,4109,4096
6397,4982,4091,4108,4097,4099,4109,4096
6394,4981,4090,4111,4097,4102,4105,4097
6392,4981,4098,4112,4097,4110,4107,4096
6391,4980,4086,4117,4097,4102,4097,4096
6393,4978,4083,4112,4096,4103,4106,4096
6393,4977,4089,4110,4096,4104,4110,4096
6394,4978,4087,4112,4097,4103,4113,4097
6395,4979,4092,4107,4097,4102,4114,4097
6395,4980,4086,4110,4097,4106,4105,4096
6394,4978,4085,4112,4096,4101,4104,4096
6392,4977,4084,4113,4096,4104,4106,4096
6395,4977,4091,4111,4096,4100,4111,4097
6399,4976,4099,4113,4097,4105,4107,4096
6402,4975,4092,4112,4097,4106,4105,4096
6402,4973,4084,4112,4097,4106,4101,4096
6402,4972,4082,4110,4097,4098,4105,4096
6402,4971,4096,4109,4096,4099,4105,4096
6404,4971,4090,4106,4096,4107,4106,4096
6404,4971,4091,4110,4096,4104,4099,4096
6403,4970,4084,4102,4096,4106,4109,4096
6401,4970,4087,4101,4097,4104,4102,4096
6402,4971,4096,4108,4097,4111,4110,4096
6402,4972,4098,4102,4097,4107,4111,4097
6402,4971,4087,4100,4097,4106,4106,4097
6402,4968,4084,4110,4097,4106,4107,4097
6400,4966,4091,4107,4096,4095,4112,4096
6399,4965,4092,4113,4097,4095,4106,4097
6399,4965,4097,4110,4097,4101,4108,4096
6401,4965,4092,4112,4096,4102,4106,4096
6400,4962,4091,4116,4097,4096,4105,4096
6396,4961,4085,4111,4097,4101,4095,4096
6396,4961,4098,4110,4096,4118,4106,4096
6396,4963,4086,4110,4096,4109,4110,4096
6396,4962,4085,4112,4096,4115,4099,4096
6396,4958,4088,4114,4097,4105,4108,4096
6395,4957,4091,4118,4096,4101,4113,4096
6395,4957,4088,4119,4097,4106,4107,4097
6394,4956,4096,4118,4096,4110,4102,4096
6394,4953,4089,4117,4096,4108,4098,4096
6393,4951,4080,4113,4097,4108,4100,4096
6391,4948,4098,4111,4097,4106,4094,4096
6390,4946,4097,4113,4096,4106,4095,4096
6390,4943,4095,4106,4097,4109,4097,4096
6390,4939,4088,4114,4096,4108,4100,4096
6389,4930,4080,4113,4096,4110,4094,4096
6391,4923,4089,4111,4096,4104,4093,4096
6390,4916,4096,4110,4096,4104,4091,4096
6389,4909,4096,4114,4096,4106,4094,4097
6388,4900,4084,4120,4097,4109,4094,4096
6387,4890,4080,4112,4097,4109,4097,4096
6386,4880,4090,4113,4096,4110,4098,4096
6384,4874,4099,4117,4096,4104,4095,4096
6382,4868,4093,4112,4096,4099,4086,4096
6382,4858,4092,4114,4096,4104,4094,4096
6375,4849,4083,4116,4096,4106,4095,4096
6371,4844,4093,4121,4096,4105,4092,4096
6370,4839,4095,4112,4096,4096,4088,4096
6362,4831,4091,4107,4096,4106,4085,4096
6358,4822,4090,4112,4096,4107,4094,4096
6351,4816,4086,4107,4096,4107,4091,4097
6354,4809,4094,4110,4096,4107,4086,4096
6354,4800,4095,4116,4096,4102,4086,4096
6352,4792,4086,4117,4096,4102,4087,4096
6348,4784,4081,4112,4096,4100,4088,4096
6341,4778,4089,4111,4096,4091,4092,4096
6337,4771,4091,4105,4096,4096,4093,4096
6336,4765,4099,4111,4096,4091,4095,4096
6333,4760,4092,4112,4096,4095,4077,4096
6330,4754,4082,4113,4096,4094,4093,4096
6324,4746,4090,4112,4096,4095,4090,4096
6320,4738,4101,4109,4096,4091,4099,4096
6314,4732,4090,4113,4096,4094,4083,4096
6307,4723,4087,4109,4096,4091,4088,4096
6295,4716,4090,4109,4096,4095,4092,4096
6281,4706,4095,4112,4096,4096,4086,4096
6270,4696,4101,4114,4096,4086,4094,4096
6260,4686,4099,4115,4096,4087,4098,4096
6248,4676,4097,4118,4097,4091,4080,4096
6232,4663,4087,4101,4096,4098,4090,4096
6217,4648,4093,4111,4096,4096,4090,4096
6198,4635,4096,4113,4096,4093,4082,4096
6178,4622,4090,4109,4096,4095,4090,4096
6156,4607,4096,4102,4096,4093,4092,4096
6131,4594,4084,4106,4096,4089,4098,4096
6105,4580,4089,4093,4096,4097,4099,4096
6084,4565,4098,4098,4097,4090,4095,4096
6061,4550,4106,4105,4096,4093,4095,4096
6038,4534,4100,4119,4096,4099,4095,4096
6015,4522,4091,4114,4096,4101,4093,4096
5996,4506,4093,4115,4096,4099,4096,4096
5979,4490,4103,4114,4096,4098,4096,4096
5958,4475,4105,4119,4096,4099,4093,4096
5936,4465,4099,4113,4096,4099,4099,4097
5912,4453,4106,4107,4096,4100,4094,4096
5887,4435,4109,4099,4096,4106,4090,4096
5867,4420,4111,4094,4096,4112,4098,4096
5843,4407,4102,4099,4096,4107,4099,4096
5817,4394,4106,4103,4096,4106,4089,4096
5789,4376,4099,4097,4096,4104,4097,4096
5768,4359,4101,4099,4096,4102,4092,4096
5749,4342,4107,4098,4096,4099,4093,4096
5722,4327,4107,4098,4097,4106,4093,4096
5690,4315,4097,4095,4097,4106,4092,4096
5668,4301,4101,4096,4096,4104,4090,4096
5652,4288,4105,4099,4096,4106,4092,4096
5644,4275,4109,4094,4096,4100,4084,4096
5628,4268,4100,4086,4096,4106,4098,4096
5603,4266,4099,4096,4096,4104,4088,4096
5579,4262,4098,4118,4096,4099,4086,4096
5562,4250,4097,4105,4096,4102,4091,4096
5544,4234,4105,4106,4096,4099,4091,4096
5524,4218,4099,4116,4096,4107,4088,4096
5503,4205,4093,4107,4096,4097,4093,4096
5478,4195,4095,4110,4096,4099,4079,4096
5449,4188,4100,4109,4097,4101,4094,4096
5419,4182,4111,4108,4096,4107,4090,4096
5392,4170,4111,4108,4097,4100,4085,4096
5359,4156,4100,4111,4096,4099,4084,4096
5321,4142,4103,4111,4096,4109,4094,4096
5288,4130,4108,4106,4097,4106,4080,4096
5260,4122,4113,4104,4096,4103,4091,4097
5227,4117,4105,4110,4096,4105,4092,4096
5194,4110,4100,4105,4096,4108,4093,4096
5166,4102,4097,4110,4097,4105,4093,4096
5136,4102,4100,4111,4097,4109,4086,4096
5109,4100,4104,4103,4097,4106,4090,4096
5085,4099,4109,4106,4096,4112,4085,4096
5060,4099,4105,4105,4096,4102,4086,4096
5036,4100,4107,4106,4096,4098,4086,4097
5010,4103,4111,4104,4096,4100,4093,4096
4989,4106,4107,4102,4096,4106,4096,4096
4963,4105,4104,4099,4097,4107,4094,4096
4934,4102,4101,4100,4096,4106,4088,4096
4908,4102,4102,4106,4096,4108,4096,4096
4886,4102,4107,4100,4096,4099,4090,4096
4867,4104,4112,4103,4097,4107,4088,4096
4847,4104,4111,4101,4096,4104,4091,4097
4825,4103,4106,4100,4097,4102,4093,4096
4805,4106,4106,4100,4097,4107,4093,4097
4787,4109,4111,4099,4097,4110,4093,4096
4772,4113,4111,4108,4096,4105,4095,4097
4758,4113,4108,4097,4097,4110,4093,4096
4746,4113,4107,4097,4096,4102,4092,4096
4736,4115,4100,4091,4096,4103,4099,4096
4722,4118,4107,4098,4096,4106,4093,4096
4706,4119,4113,4098,4097,4108,4099,4096
4686,4119,4103,4099,4096,4106,4090,4096
4667,4119,4098,4099,4096,4109,4094,4096
4648,4122,4099,4097,4096,4105,4095,4096
4629,4127,4112,4106,4096,4100,4099,4096
4609,4132,4114,4099,4096,4109,4100,4096
4586,4138,4100,4103,4096,4109,4093,4096
4558,4139,4101,4099,4096,4104,4095,4096
4533,4141,4098,4092,4096,4102,4094,4096
4506,4143,4105,4096,4096,4102,4094,4096
4481,4143,4111,4100,4097,4102,4098,4096
4456,4145,4108,4100,4096,4103,4096,4097
4435,4147,4096,4101,4096,4099,4099,4096
4422,4149,4090,4107,4096,4098,4099,4096
4403,4151,4106,4100,4096,4105,4095,4096
4384,4151,4105,4103,4096,4105,4097,4096
4365,4152,4105,4106,4097,4107,4094,4096
4348,4153,4094,4099,4096,4111,4100,4096
4330,4156,4105,4106,4096,4109,4097,4096
4315,4159,4113,4100,4096,4107,4099,4096
4297,4162,4113,4093,4096,4108,4099,4096
4275,4164,4108,4099,4097,4108,4097,4096
4257,4163,4095,4103,4096,4106,4102,4096
4243,4163,4106,4106,4096,4108,4096,4096
4230,4164,4114,4103,4096,4099,4098,4096
4218,4161,4119,4103,4096,4106,4093,4096
4211,4159,4102,4093,4096,4106,4098,4096
4202,4157,4097,4093,4096,4106,4102,4096
4197,4160,4101,4098,4096,4102,4100,4096
4192,4164,4113,4096,4096,4104,4100,4096
4186,4169,4114,4097,4096,4106,4106,4096
4179,4170,4098,4099,4096,4106,4102,4096
4175,4168,4088,4107,4096,4098,4099,4096
4169,4168,4099,4109,4096,4105,4105,4096
4164,4170,4112,4102,4096,4102,4100,4096
4153,4170,4118,4103,4096,4105,4099,4096
4143,4168,4103,4112,4096,4101,4099,4096
4135,4166,4093,4103,4096,4103,4096,4096
4127,4168,4105,4110,4096,4105,4104,4096
4119,4167,4112,4107,4096,4105,4100,4096
4112,4165,4110,4104,4096,4100,4096,4096
4104,4161,4094,4106,4096,4104,4099,4096
4099,4159,4090,4106,4096,4106,4097,4096
4095,4158,4097,4100,4096,4104,4091,4096
4089,4158,4119,4106,4096,4101,4093,4096
4083,4157,4112,4096,4097,4106,4097,4096
4076,4154,4099,4092,4096,4103,4102,4096
4069,4153,4093,4088,4096,4096,4096,4096
4063,4152,4106,4106,4096,4095,4101,4096
4059,4152,4110,4105,4096,4113,4099,4096
4055,4150,4101,4105,4096,4105,4091,4096
4053,4148,4090,4100,4096,4101,4101,4096
4049,4147,4088,4096,4096,4099,4096,4097
4045,4145,4106,4097,4096,4095,4102,4096
4043,4145,4116,4099,4096,4099,4101,4096
4041,4144,4112,4107,4096,4095,4097,4096
4039,4143,4100,4107,4096,4105,4097,4096
4036,4140,4094,4105,4096,4102,4099,4096
4035,4140,4107,4108,4096,4099,4099,4096
4037,4141,4122,4106,4096,4105,4100,4096
4035,4141,4112,4112,4096,4095,4100,4096
4033,4140,4092,4112,4096,4095,4096,4096
4033,4140,4098,4105,4096,4099,4098,4096
4033,4141,4108,4106,4096,4104,4098,4096
4034,4141,4118,4102,4096,4099,4098,4096
4033,4140,4106,4106,4097,4106,4106,4096
4033,4139,4093,4104,4097,4096,4103,4096
4034,4138,4095,4104,4097,4095,4099,4096
4035,4139,4111,4106,4097,4095,4106,4096
4036,4138,4119,4106,4096,4106,4102,4096
4036,4139,4109,4105,4096,4096,4106,4096
4038,4137,4097,4100,4097,4097,4096,4096
4037,4136,4094,4099,4097,4097,4098,4097
4035,4136,4106,4103,4096,4094,4111,4096
4037,4137,4112,4112,4097,4101,4112,4096
4039,4137,4104,4108,4096,4105,4111,4096
4038,4135,4099,4108,4096,4093,4112,4096
4037,4135,4099,4108,4096,4102,4114,4096
4037,4135,4111,4110,4096,4106,4112,4096
4038,4135,4106,4109,4096,4101,4112,4096
4039,4135,4098,4111,4096,4100,4111,4096
4039,4133,4089,4102,4096,4108,4105,4096
4039,4134,4100,4104,4096,4092,4106,4096
4040,4135,4114,4102,4096,4096,4106,4096
4042,4135,4119,4108,4096,4103,4110,4096
4044,4135,4102,4107,4096,4096,4106,4096
4044,4134,4093,4107,4096,4103,4112,4096
4044,4135,4102,4100,4096,4103,4107,4096
4045,4135,4110,4115,4096,4107,4110,4096
4045,4135,4119,4109,4096,4103,4106,4096
4047,4135,4105,4114,4096,4095,4106,4096
4047,4133,4098,4111,4096,4104,4114,4096
4047,4135,4101,4112,4096,4099,4108,4096
4049,4135,4103,4111,4096,4101,4102,4096
4049,4136,4119,4112,4096,4109,4106,4096
4049,4135,4106,4118,4096,4098,4103,4096
4050,4134,4098,4110,4096,4099,4105,4096
4050,4133,4101,4121,4096,4098,4104,4096
4050,4134,4116,4118,4096,4093,4108,4096
4052,4135,4117,4111,4096,4101,4115,4096
4053,4136,4113,4110,4096,4101,4110,4096
4053,4136,4106,4109,4096,4095,4102,4096
4053,4135,4111,4115,4096,4099,4105,4096
4055,4136,4115,4112,4096,4107,4106,4096
4055,4137,4124,4112,4096,4097,4104,4096
4056,4136,4109,4112,4096,4099,4104,4096
4058,4136,4100,4110,4096,4099,4102,4096
4058,4137,4111,4112,4096,4100,4106,4096
4059,4137,4119,4114,4096,4100,4099,4096
4059,4137,4119,4097,4096,4093,4098,4096
4058,4138,4106,4100,4096,4096,4100,4096
4059,4137,4104,4100,4096,4095,4103,4096
4059,4137,4112,4096,4096,4098,4106,4096
4059,4138,4116,4099,4096,4103,4102,4096
4058,4137,4123,4080,4096,4103,4104,4096
4059,4137,4111,4087,4096,4101,4106,4096
4058,4136,4102,4087,4096,4095,4106,4096
4059,4137,4108,4095,4096,4087,4103,4096
4060,4137,4117,4094,4096,4101,4106,4096
4058,4137,4107,4095,4096,4099,4106,4096
4058,4137,4100,4095,4096,4102,4096,4096
4057,4136,4090,4094,4096,4100,4099,4096
4058,4136,4105,4094,4096,4108,4099,4096
4059,4137,4110,4088,4096,4104,4099,4096
4059,4138,4113,4093,4096,4105,4102,4096
4059,4136,4105,4099,4096,4099,4097,4096
4060,4136,4098,4094,4096,4103,4094,4096
4060,4136,4110,4099,4096,4104,4095,4096
4060,4137,4115,4094,4096,4106,4101,4096
4060,4136,4114,4106,4096,4106,4097,4096
4060,4136,4101,4107,4096,4104,4100,4096
4060,4137,4099,4105,4096,4100,4093,4096
4060,4136,4115,4107,4096,4099,4096,4096
4061,4136,4125,4101,4096,4103,4102,4096
4060,4137,4117,4099,4096,4099,4097,4096
4061,4136,4101,4100,4096,4107,4094,4096
4060,4136,4098,4099,4096,4099,4095,4096
4060,4136,4107,4105,4096,4104,4098,4096
4060,4136,4117,4106,4096,4105,4099,4096
4061,4136,4113,4117,4096,4103,4096,4096
4063,4135,4097,4115,4096,4099,4101,4096
4064,4136,4098,4105,4096,4098,4099,4096
4064,4136,4108,4104,4096,4097,4098,4096
4063,4137,4121,4108,4096,4106,4098,4096
4063,4137,4117,4106,4096,4104,4099,4096
4064,4136,4100,4109,4096,4103,4098,4096
4063,4136,4106,4110,4096,4104,4095,4096
4065,4136,4119,4110,4097,4103,4098,4096
4065,4137,4127,4106,4096,4108,4098,4096
4066,4136,4107,4112,4096,4101,4097,4096
4066,4136,4106,4109,4096,4099,4097,4096
4066,4136,4097,4106,4096,4103,4098,4096
4066,4137,4107,4110,4096,4105,4099,4096
4066,4137,4109,4099,4096,4113,4099,4096
4066,4137,4112,4104,4097,4106,4098,4096
4067,4136,4102,4093,4096,4107,4097,4096
4066,4137,4110,4088,4096,4100,4095,4096
4066,4137,4121,4110,4096,4110,4097,4096
4067,4137,4123,4107,4096,4113,4101,4096
4068,4138,4119,4105,4096,4111,4099,4096
4067,4137,4104,4111,4096,4102,4099,4096
4068,4137,4106,4105,4097,4107,4093,4096
4068,4137,4112,4112,4097,4109,4094,4096
4068,4137,4116,4110,4096,4106,4093,4096
4069,4136,4106,4099,4096,4112,4096,4096
4069,4136,4099,4099,4096,4106,4098,4096
4070,4136,4111,4088,4096,4109,4104,4096
4070,4137,4118,4089,4096,4111,4094,4096
4070,4137,4117,4095,4096,4111,4093,4096
4070,4137,4101,4098,4096,4102,4101,4096
4070,4136,4100,4100,4096,4099,4095,4096
4070,4136,4107,4096,4096,4108,4096,4096
4071,4136,4119,4093,4096,4111,4099,4096
4070,4136,4118,4097,4096,4119,4099,4096
4071,4136,4109,4110,4096,4112,4099,4096
4072,4136,4087,4105,4096,4111,4099,4096
4073,4136,4099,4111,4096,4110,4097,4096
4073,4137,4115,4111,4096,4115,4099,4096
4073,4137,4116,4108,4096,4114,4093,4096
4073,4137,4110,4099,4096,4117,4094,4096
4073,4136,4100,4104,4096,4113,4096,4096
4073,4136,4115,4102,4096,4116,4099,4096
4073,4138,4119,4106,4096,4117,4093,4096
4074,4138,4119,4106,4096,4116,4099,4096
4075,4136,4107,4106,4096,4111,4097,4096
4073,4136,4104,4107,4096,4114,4099,4096
4073,4136,4109,4113,4096,4114,4099,4096
4074,4137,4121,4113,4096,4112,4099,4096
4075,4137,4123,4105,4097,4111,4099,4096
4074,4135,4101,4111,4096,4115,4098,4096
4076,4136,4091,4106,4096,4104,4099,4096
4074,4135,4103,4107,4096,4105,4103,4096
4073,4135,4106,4108,4096,4110,4097,4096
4073,4136,4101,4112,4096,4110,4099,4097
4073,4135,4095,4108,4096,4110,4096,4096
4073,4134,4089,4103,4096,4106,4096,4096
4073,4135,4102,4111,4096,4111,4101,4096
4073,4135,4102,4107,4096,4100,4100,4096
4073,4137,4109,4108,4096,4102,4097,4096
4073,4135,4090,4110,4096,4104,4100,4096
4073,4135,4090,4103,4096,4106,4102,4096
4074,4135,4099,4101,4096,4102,4099,4096
4074,4138,4113,4111,4096,4103,4104,4096
4074,4136,4112,4109,4096,4103,4097,4096
4073,4136,4097,4112,4096,4100,4099,4096
4072,4134,4094,4109,4096,4101,4098,4096
4073,4135,4101,4111,4096,4102,4092,4096
4073,4136,4107,4110,4096,4106,4097,4096
4073,4137,4100,4106,4096,4109,4096,4096
4073,4135,4099,4111,4096,4110,4094,4096
4073,4135,4091,4106,4096,4106,4097,4096
4073,4135,4112,4106,4096,4106,4093,4096
4074,4137,4105,4105,4096,4110,4099,4096
4074,4137,4112,4105,4096,4110,4101,4096
4073,4135,4086,4099,4096,4110,4099,4096
4073,4135,4092,4094,4096,4111,4102,4096
4074,4136,4104,4103,4096,4099,4099,4096
4075,4136,4108,4105,4096,4105,4100,4096
4074,4136,4110,4104,4096,4105,4097,4096
4074,4136,4097,4091,4096,4099,4101,4096
4074,4136,4099,4110,4096,4099,4101,4096
4075,4136,4105,4102,4096,4105,4100,4096
4075,4137,4115,4106,4096,4101,4095,4096
4075,4137,4106,4102,4096,4099,4099,4096
4075,4135,4090,4105,4096,4096,4102,4096
4075,4135,4093,4094,4096,4099,4098,4096
4077,4136,4110,4092,4096,4092,4099,4096
4077,4137,4113,4101,4096,4102,4094,4096
4077,4137,4099,4102,4096,4095,4099,4096
4078,4137,4093,4106,4096,4098,4104,4096
4080,4136,4105,4103,4096,4100,4099,4096
4081,4139,4103,4104,4096,4099,4100,4096
4081,4139,4104,4101,4096,4098,4099,4096
4081,4139,4100,4099,4097,4093,4100,4096
4080,4137,4089,4099,4096,4094,4104,4096
4080,4139,4095,4098,4096,4098,4107,4096
4081,4139,4103,4108,4096,4099,4099,4096
4083,4140,4105,4103,4097,4101,4094,4096
4082,4139,4103,4097,4096,4106,4100,4096
4081,4139,4089,4095,4096,4101,4094,4096
4082,4139,4093,4087,4096,4094,4099,4096
4084,4140,4107,4089,4096,4096,4095,4096
4085,4142,4112,4093,4096,4095,4096,4096
4086,4143,4101,4107,4096,4094,4098,4096
4085,4141,4092,4109,4096,4093,4099,4096
4085,4143,4106,4104,4096,4099,4099,4096
4086,4144,4117,4107,4096,4103,4098,4096
4086,4143,4113,4107,4096,4099,4099,4096
4087,4144,4104,4104,4096,4100,4097,4096
4086,4142,4089,4099,4096,4093,4095,4096
4086,4143,4095,4098,4096,4099,4094,4096
4086,4143,4106,4100,4096,4099,4097,4096
4087,4143,4109,4104,4096,4103,4099,4096
4089,4143,4104,4114,4096,4092,4099,4096
4091,4143,4091,4099,4096,4087,4099,4096
4093,4143,4097,4109,4096,4098,4088,4096
4095,4145,4113,4104,4096,4099,4097,4096
4098,4144,4109,4102,4096,4103,4096,4096
4098,4143,4098,4100,4096,4101,4098,4096
